tree
version=v4
num_class=1
num_tree_per_iteration=1
label_index=0
max_feature_idx=4
objective=binary sigmoid:1
feature_names=avg_balance_30d avg_balance_60d balance_drop_pct atm_spike_ratio new_credit_count
feature_infos=[214.34968210280186:20149.918031410361] [419.92042112569993:22601.551631648017] [-14.999562211055951:64.973381682286927] [0.70001154370994723:3.4971310551793526] [0:7]
tree_sizes=1648 1664 1665 1675 1679 1675 1681 1681 1688 1677 1690 1672 1688 1685 1682 1679 1684 1694 1695 1690 1679 1687 1682 1688 1706 1692 1703 1690 1714 1696 1693 1700 1699 1696 1709 1701 1705 1685 1703 1715 1709 1711 1703 1705 1708 1713 1706 1708 1702 1707 1713 1698 1712 1723 1711 1718 1707 1706 1721 1708 1726 1725 1725 1704 1707 1715 1708

Tree=0
num_leaves=15
num_cat=0
split_feature=2 2 2 1 1 3 3 0 0 1 3 2 4 4
split_gain=1409.65 8.57036 10.6992 9.07067 11.8845 7.88471 6.13445 5.62727 3.75092 6.73885 5.97382 4.36546 8.77118 8.17024
threshold=20.224648078992633 60.81472606714069 35.657274754582211 4692.2693593521572 2641.2704771194999 3.4147071583225777 3.3225442391474984 6351.3332261104842 2895.7345137972529 4901.2829063933232 2.6023334907403863 42.165331282586877 1.0000000180025095e-35 1.5000000000000002
decision_type=2 2 2 2 2 2 2 2 2 2 2 2 2 2
left_child=-1 2 7 4 -3 6 8 -2 9 11 -10 12 -4 -13
right_child=1 3 5 -5 -6 -7 -8 -9 10 -11 -12 13 -14 -15
leaf_value=-1.5387484843718298 -1.3469199074010501 -1.300729387269834 -1.291480862370465 -1.2591110252226727 -1.4014896322261199 -1.3043483752739351 -1.4438965527120695 -1.4172608010018863 -1.3737738594342399 -1.300729387269834 -1.442456782349357 -1.4062332604849315 -1.3750159259776709 -1.3654690615654186
leaf_weight=402.01605559885502 53.311804160475731 6.0069638490676862 4.0547005981206921 3.6041783094406119 5.7066156566143036 3.4540042132139197 3.7543524056673041 3.0034819245338431 7.358530715107916 3.0034819245338431 5.5564415603876114 23.577333107590675 13.966190949082373 25.679770454764366
leaf_count=2677 355 40 27 24 38 23 25 20 49 20 37 157 93 171
internal_value=-1.48857 -1.36406 -1.36778 -1.32847 -1.34982 -1.37844 -1.38138 -1.35067 -1.37856 -1.37401 -1.40332 -1.37728 -1.35622 -1.38498
internal_weight=564.054 162.038 146.72 15.3178 11.7136 90.4048 86.9508 56.3153 83.1964 70.2815 12.915 67.278 18.0209 49.2571
internal_count=3756 1079 977 102 78 602 579 375 554 468 86 448 120 328
is_linear=0
shrinkage=1


Tree=1
num_leaves=15
num_cat=0
split_feature=2 0 0 1 3 3 3 3 0 2 2 1 1 1
split_gain=1232.56 4.65445 12.7439 18.5396 8.6527 7.74369 6.96745 5.44238 5.43182 4.97277 6.71598 9.13957 10.8091 8.63468
threshold=20.224648078992633 2815.4051212177624 1628.7876380899652 2981.7703893320354 3.1526232304346782 3.3225442391474984 3.3486285206871766 2.7757052700899334 1347.2081227737374 60.81472606714069 34.616218641821469 2480.7319854292709 1983.8244918611244 1777.3047612564642
decision_type=2 2 2 2 2 2 2 2 2 2 2 2 2 2
left_child=-1 2 3 9 7 -4 -6 -3 -5 10 -2 12 13 -12
right_child=1 4 5 8 6 -7 -8 -9 -10 -11 11 -13 -14 -15
leaf_value=-0.048667046038691902 0.13343912304636932 0.095887006385141679 0.12965754834672755 0.095062379252675855 0.011449967065413513 0.19767379764537682 0.10369878359800588 0.14415651712665137 0.016221540556797972 0.14882195511962829 0.091180574133760628 0.14361809689237709 0.053053070505921479 0.16104022829948783
leaf_weight=385.39844597876072 18.835159689188004 21.73940393328667 46.207650318741798 3.1763932704925519 4.7461031824350339 4.6013973057270041 3.5990679860115051 7.9843477308750144 6.9971365630626678 8.4827763289213163 18.525930479168895 8.9737198799848539 14.271912544965742 5.8104398548603049
leaf_count=2649 115 134 283 20 30 28 22 50 44 51 115 56 89 36
internal_value=0.00119734 0.111674 0.116004 0.10417 0.0962224 0.135817 0.0512346 0.108853 0.0408373 0.112772 0.108168 0.0981648 0.0876001 0.10786
internal_weight=559.35 173.951 135.883 85.0735 38.0689 50.809 8.34517 29.7238 10.1735 74.8999 66.4172 47.582 38.6083 24.3364
internal_count=3722 1073 837 526 236 311 52 184 64 462 411 296 240 151
is_linear=0
shrinkage=0.05


Tree=2
num_leaves=15
num_cat=0
split_feature=2 2 2 1 0 3 3 0 1 4 0 2 3 1
split_gain=1102.08 8.99806 3.91799 8.02768 6.42934 4.86514 5.69383 4.05115 7.05852 7.87377 5.32448 8.40948 8.31942 3.86801
threshold=20.224648078992633 60.81472606714069 35.240978686899417 3955.4838573977395 3222.7994940421804 3.0088917046801087 2.6394490616270225 2532.666481578492 3211.6788298236293 1.0000000180025095e-35 1907.7057642695547 26.211158544621529 2.2414376658391304 4692.2693593521572
decision_type=2 2 2 2 2 2 2 2 2 2 2 2 2 2
left_child=-1 2 3 7 -5 6 -6 8 9 -2 11 -11 -13 -3
right_child=1 13 -4 4 5 -7 -8 -9 -10 10 -12 12 -14 -15
leaf_value=-0.048366021185834079 0.061076382680514865 0.11952136882142582 0.090122162438561165 0.023002634615918956 0.087936096390985985 0.049117698599038181 0.16409751283275642 0.15754033236982093 0.056387509790007707 0.073166280750179488 0.17080121153622851 0.082736319860841276 0.16492067167947941 0.17254454363780691
leaf_weight=379.53391210734844 4.7650900930166236 13.557195186614992 107.0351035296917 4.0011010617017773 8.2231035232543963 4.4223022758960715 3.4978594034910193 5.623637691140174 4.9477828443050376 6.8836317807436052 6.3642130941152564 4.4056098461151114 10.228735744953154 4.6087728738784781
leaf_count=2693 27 77 627 23 48 26 20 32 28 39 36 25 58 25
internal_value=0.000721189 0.0995218 0.0959556 0.10581 0.0797417 0.0938045 0.110665 0.11796 0.112039 0.120474 0.130625 0.118742 0.140179 0.132974
internal_weight=568.098 188.564 170.398 63.3631 20.1444 16.1433 11.721 43.2187 37.5951 32.6473 27.8822 21.518 14.6343 18.166
internal_count=3784 1091 989 362 117 94 68 245 213 185 158 122 83 102
is_linear=0
shrinkage=0.05


Tree=3
num_leaves=15
num_cat=0
split_feature=3 0 3 4 2 2 2 0 2 0 2 0 0 1
split_gain=949.007 3.79657 5.03834 3.49588 3.65455 7.22883 6.16072 3.36467 8.69025 7.51547 6.76701 8.70327 8.03219 5.8835
threshold=1.2985165329227157 494.19601264266663 1.7061709362012061 2.5000000000000004 36.105716900202061 40.430956494883922 26.211158544621529 1724.7803929103877 49.806050749000811 1077.534860936762 42.660714761313848 2498.3493224118588 2261.1412645790024 2768.773912021325
decision_type=2 2 2 2 2 2 2 2 2 2 2 2 2 2
left_child=-1 -2 -3 7 6 -6 -5 9 10 -4 12 -12 13 -9
right_child=1 2 3 4 5 -7 -8 8 -10 -11 11 -13 -14 -15
leaf_value=-0.047109739685697032 0.13272293320425679 0.055151087816721046 0.096063837179209466 0.080197121430099827 0.039576587628730522 0.10185512225598861 0.13957252054036559 0.078251228307876008 0.13207441792972263 0.061568893840613481 -0.012625775295706968 0.088440939175662647 0.08013345654310472 0.15131138663294613
leaf_weight=368.16334775090218 4.7776113748550406 11.262532174587248 28.726168617606163 6.8289382457733181 5.7236369550228146 25.059452682733536 12.126784786581991 4.1364044398069373 11.811903208494185 35.063973158597946 3.7861877828836423 4.8700497001409531 35.311919212341309 8.2547308951616269
leaf_count=2698 26 65 158 37 32 138 65 22 63 196 21 27 195 44
internal_value=0.00034295 0.0886929 0.0876027 0.0896142 0.100911 0.0902754 0.118182 0.0853563 0.0930795 0.0771028 0.0849068 0.0442349 0.0922872 0.126922
internal_weight=565.904 197.74 192.963 181.7 49.7388 30.7831 18.9557 131.961 68.1712 63.7901 56.3593 8.65624 47.7031 12.3911
internal_count=3787 1089 1063 998 272 170 102 726 372 354 309 48 261 66
is_linear=0
shrinkage=0.05


Tree=4
num_leaves=15
num_cat=0
split_feature=2 0 3 1 2 2 3 0 3 3 0 1 1 0
split_gain=836.963 5.10212 6.88405 5.03823 4.64623 4.59779 12.3691 3.83452 3.36927 12.1032 7.75357 7.74039 4.47673 6.87356
threshold=20.224648078992633 2848.9412581156744 3.1526232304346782 4901.2829063933232 42.165331282586877 45.370202637674446 2.827293522328834 1436.7011668408959 2.1391288707524372 2.0504110140958045 1559.9009841881518 2700.8367656045389 3080.0387027841894 1218.3722444883572
decision_type=2 2 2 2 2 2 2 2 2 2 2 2 2 2
left_child=-1 3 -3 4 -2 6 7 -6 9 10 11 -7 13 -10
right_child=1 2 -4 -5 5 8 -8 -9 12 -11 -12 -13 -14 -15
leaf_value=-0.046199771870505404 0.091132746264463535 0.074043808946541778 0.022722115485108437 0.12336801830622271 0.04193273398398327 0.089760830623341684 0.12102248490825925 -0.026242503665158387 0.087207634560568861 -0.010734565120113729 0.14486696054198298 0.010664197271997588 0.065663103310298662 0.15118888557041418
leaf_weight=358.81925414502621 73.854382246732712 37.176991850137711 7.927304506301879 7.7512706220149985 4.6213415265083295 9.576440587639814 3.7305873632431021 3.7249971777200699 24.884231567382816 4.4731770753860465 3.7751798778772345 4.568661391735076 16.658615499734879 5.0495645999908438
leaf_count=2714 381 196 44 38 25 51 20 20 130 24 20 25 90 27
internal_value=4.30526e-05 0.0799035 0.0650238 0.0840293 0.0820609 0.0737959 0.0453358 0.0115059 0.0787782 0.0628394 0.0812046 0.0642138 0.0864387 0.0980007
internal_weight=566.592 207.773 45.1043 162.668 154.917 81.0628 12.0769 8.34634 68.9859 22.3935 17.9203 14.1451 46.5924 29.9338
internal_count=3805 1091 240 851 813 432 65 45 367 120 96 76 247 157
is_linear=0
shrinkage=0.05


Tree=5
num_leaves=15
num_cat=0
split_feature=3 2 2 0 1 1 0 3 2 2 4 2 0 0
split_gain=743.516 4.85929 4.95259 6.03007 5.61237 8.23068 5.49187 4.9852 4.87101 5.52417 9.73984 9.32619 5.33253 3.61141
threshold=1.2985165329227157 60.81472606714069 42.165331282586877 3360.2909395761721 4365.3968539709103 3981.3792017183328 913.36081589424157 1.792451192212936 49.806050749000811 55.384843526329199 1.5000000000000002 58.773855589785953 1714.0769404865371 1384.5898716152303
decision_type=2 2 2 2 2 2 2 2 2 2 2 2 2 2
left_child=-1 2 3 4 5 7 -4 -2 -8 12 11 -11 13 -10
right_child=1 -3 6 -5 -6 -7 8 -9 9 10 -12 -13 -14 -15
leaf_value=-0.045733867339208999 0.040774790734181859 0.096234710865691603 0.037271473193400767 0.054546237323698815 0.13092336365063242 0.025583069376130259 0.053235581552113664 0.088271254647962247 0.10162083878414024 -0.031243291712337602 0.094987211619117551 0.07702334850905096 0.135530845849236 0.039493196892910108
leaf_weight=342.50720125436783 5.993726819753646 20.353872716426849 18.507531955838203 22.912634417414665 5.7873280793428412 6.4125369489192954 29.363581389188766 70.582866549491882 6.1930674016475695 4.1634359210729626 9.7523785382509214 3.8087170720100403 6.8283709287643424 3.7587592899799347
leaf_count=2676 32 99 95 120 30 33 153 350 32 22 49 20 34 20
internal_value=-2.36739e-05 0.0729926 0.070555 0.0774147 0.0833169 0.079997 0.0612542 0.0845537 0.0682038 0.0809419 0.0614759 0.0204814 0.101503 0.0781555
internal_weight=556.926 214.419 194.065 111.689 88.7765 82.9891 82.3758 76.5766 63.8683 34.5047 17.7245 7.97215 16.7802 9.95183
internal_count=3765 1089 990 565 445 415 425 382 330 177 91 42 86 52
is_linear=0
shrinkage=0.05


Tree=6
num_leaves=15
num_cat=0
split_feature=2 0 3 3 1 0 0 2 3 3 2 2 1 0
split_gain=635.146 3.75696 5.73576 7.72066 5.52628 5.48614 6.19096 4.9222 2.93888 4.38271 2.85791 4.51967 3.41734 2.79497
threshold=20.224648078992633 2726.9120496248547 3.1526232304346782 3.3486285206871766 4297.5681969705465 2532.666481578492 2261.1412645790024 32.332988855389765 1.8501243846400663 2.7010319680780022 30.079555135649155 36.105716900202061 7864.9673274893221 1651.1159250233829
decision_type=2 2 2 2 2 2 2 2 2 2 2 2 2 2
left_child=-1 4 8 -4 5 6 7 -2 -3 10 -10 -12 -13 -9
right_child=1 2 3 -5 -6 -7 -8 13 9 -11 11 12 -14 -15
leaf_value=-0.044640556988731483 0.084558916174616833 0.097849480445837897 -0.020749758241099762 0.068216808876389479 0.097303913054767432 0.11862902738372277 0.027215502149328288 0.057879486767031613 0.01974742967319278 0.079208004184794317 0.098157757785892474 0.011491920287926708 0.071394840266570433 0.078545410650496167
leaf_weight=335.78458353877068 30.030934691429138 4.7916952222585669 5.5136427134275419 4.3724897503852844 14.969990924000738 4.7078742980957022 10.72768612205982 88.692743062973022 8.4215104132890719 13.052791163325308 4.4648483991622916 5.511334612965582 4.1915810853242874 20.061630606651306
leaf_count=2707 142 24 30 22 70 22 52 442 42 64 22 27 20 97
internal_value=-0.00140488 0.0647325 0.0527381 0.0185988 0.0682999 0.0654845 0.0638111 0.0666398 0.0610852 0.0561427 0.0428148 0.0565264 0.0373695 0.0616917
internal_weight=555.295 219.511 50.3199 9.88613 169.191 154.221 149.513 138.785 40.4338 35.6421 22.5893 14.1678 9.70292 108.754
internal_count=3783 1076 251 52 825 755 733 681 199 175 111 69 47 539
is_linear=0
shrinkage=0.05


Tree=7
num_leaves=15
num_cat=0
split_feature=3 2 2 3 3 3 0 3 0 0 3 1 2 4
split_gain=588.646 3.57268 10.9103 3.62284 4.33645 4.6676 3.33581 4.59426 4.21057 6.20307 4.16549 3.67764 4.20043 7.5567
threshold=1.2985165329227157 58.773855589785953 55.384843526329199 2.2024034481176287 2.6023334907403863 3.1526232304346782 2726.9120496248547 3.1526232304346782 3977.5476811823196 4669.4696080875738 2.5672142766383685 4458.7264489357576 35.657274754582211 1.0000000180025095e-35
decision_type=2 2 2 2 2 2 2 2 2 2 2 2 2 2
left_child=-1 2 6 -3 -5 -6 11 8 -8 -10 -11 12 13 -2
right_child=1 3 -4 4 5 -7 7 -9 9 10 -12 -13 -14 -15
leaf_value=-0.04414879670244648 0.026779371433812895 0.048107333623499227 0.017115772558542915 0.11961527748775549 0.055665763244225931 0.11565849110441767 0.042810070272843663 0.019808615619144158 0.10505926596498689 0.017063546719469799 0.082521136466684269 0.10686522644312245 0.056392639747989429 0.082199024708395463
leaf_weight=322.42293585836887 7.095488265156745 8.2806165665388125 14.859910905361174 6.9679709523916271 11.618086636066439 4.4971691966056815 21.14035302400589 9.7236415743827802 9.0810884386301058 5.2016045302152616 4.5620650351047516 5.2427881509065619 73.62145708501339 46.208652645349503
leaf_count=2686 34 39 73 32 54 21 103 51 44 26 22 24 358 214
internal_value=-0.000661803 0.0608075 0.058309 0.0764798 0.0866578 0.0724075 0.0616746 0.0506331 0.0581291 0.0753142 0.0476485 0.0658274 0.0641323 0.0748219
internal_weight=550.524 228.101 196.737 31.3638 23.0832 16.1153 181.877 49.7088 39.9851 18.8448 9.76367 132.168 126.926 53.3041
internal_count=3781 1095 949 146 107 75 876 246 195 92 48 630 606 248
is_linear=0
shrinkage=0.05


Tree=8
num_leaves=15
num_cat=0
split_feature=2 0 0 1 3 2 3 3 2 4 3 3 0 3
split_gain=545.57 2.99307 3.49074 6.68677 6.23407 5.96735 5.40435 6.51855 5.09173 4.89706 4.66286 4.7635 4.3317 4.77731
threshold=20.224648078992633 2895.7345137972529 1628.7876380899652 3302.9925551367701 2.8491408448851065 49.806050749000811 3.0088917046801087 3.1251119590835894 42.660714761313848 1.0000000180025095e-35 2.754304912032802 2.827293522328834 2374.5569545635685 2.2851399154783865
decision_type=2 2 2 2 2 2 2 2 2 2 2 2 2 2
left_child=-1 2 3 10 5 8 -6 -8 9 -4 -2 -12 -11 -14
right_child=1 -3 4 -5 6 -7 7 -9 -10 12 11 -13 13 -15
leaf_value=-0.043283727253804263 0.065684480672118267 0.045998776075474708 0.10651998719579087 0.0040587849189589516 0.13099832579193635 0.091075684402097373 0.030951921196279947 0.094112222445095317 0.011258286270226202 0.065102388628305349 -0.0019738193761009745 0.050581654995830144 0.054379024953024241 -0.015936087282035442
leaf_weight=317.48856800794601 66.937235549092293 45.474184393882751 4.4132506102323559 6.1551333069801322 5.802515551447871 10.746480837464331 5.6987050324678448 14.427144750952719 7.2732190191745749 16.71637757122517 4.9315225183963767 34.294175207614899 5.4512924849987012 4.3377839326858521
leaf_count=2728 315 218 20 31 26 48 26 65 35 75 23 159 25 20
internal_value=-0.000660008 0.0575047 0.0602999 0.0547253 0.0686631 0.0581611 0.0884852 0.0762282 0.0488996 0.0577542 0.0576629 0.0439743 0.0496345 0.0232206
internal_weight=550.148 232.659 187.185 112.318 74.8668 48.9384 25.9284 20.1258 38.1919 30.9187 106.163 39.2257 26.5055 9.78908
internal_count=3814 1086 868 528 340 223 117 91 175 140 497 182 120 45
is_linear=0
shrinkage=0.05


Tree=9
num_leaves=15
num_cat=0
split_feature=3 3 1 1 2 0 2 0 3 2 3 2 1 0
split_gain=484.19 2.61093 2.33424 4.13516 4.15596 4.0764 6.29109 5.83139 8.26883 3.94828 4.9413 4.63598 3.40533 6.11909
threshold=1.2985165329227157 3.4323830929359631 2886.8312538796372 2480.7319854292709 55.384843526329199 1636.3941183211848 49.806050749000811 1258.261527986095 2.739645730778411 22.80416915387983 1.7363210550793649 25.151057482444742 2109.8089670227605 1384.5898716152303
decision_type=2 2 2 2 2 2 2 2 2 2 2 2 2 2
left_child=-1 2 3 12 -5 7 9 -4 -9 -7 -11 -12 13 -2
right_child=1 -3 5 4 -6 6 -8 8 -10 10 11 -13 -14 -15
leaf_value=-0.042069892467184976 0.054679766422597934 0.083646770123679492 0.067678316747311576 0.0881382716087626 0.03462397948646314 0.078987876387323672 0.074088444979121357 -0.028133237468158562 0.054329207265449625 0.096171995726449924 -0.002864920229680626 0.042090228571413361 0.036953924043745839 0.11727016313715213
leaf_weight=302.79097308218479 59.545671790838242 6.798642009496688 5.6581918150186565 17.317303642630581 4.589562475681304 7.5725538432598105 23.387884885072708 7.2413309365510923 5.2396402359008789 3.8512782752513877 6.3123658895492545 62.684286832809448 24.822181642055511 4.1789672374725333
leaf_count=2689 271 30 26 77 21 37 103 36 26 18 29 291 115 20
internal_value=-6.58601e-05 0.0531049 0.0522114 0.0574767 0.0769268 0.0474424 0.0512638 0.0255734 0.00648535 0.0446259 0.041054 0.0379774 0.0526647 0.0587844
internal_weight=541.991 239.2 232.401 110.454 21.9069 121.948 103.808 18.1392 12.481 80.4205 72.8479 68.9967 88.5468 63.7246
internal_count=3789 1100 1070 504 98 566 478 88 62 375 338 320 406 291
is_linear=0
shrinkage=0.05


Tree=10
num_leaves=15
num_cat=0
split_feature=3 3 2 2 3 3 1 1 3 0 4 0 2 4
split_gain=440.773 3.03469 2.1402 2.12727 3.80506 3.37085 3.16105 4.40814 2.40187 4.26611 4.89712 4.73703 3.56696 6.01682
threshold=1.2985165329227157 3.4323830929359631 61.383834719568519 55.384843526329199 2.2229615107953373 2.6201849907960115 1063.6882428203248 1264.5985203082971 2.2414376658391304 2261.1412645790024 1.0000000180025095e-35 1451.9768115214076 34.616218641821469 1.5000000000000002
decision_type=2 2 2 2 2 2 2 2 2 2 2 2 2 2
left_child=-1 2 3 6 -5 -6 -2 -8 -9 10 -10 12 -12 -14
right_child=1 -3 -4 4 5 -7 7 8 9 -11 11 -13 13 -15
leaf_value=-0.042224640459687157 0.017958749759135945 0.082208811682681321 0.063721513805152008 0.0076226414229406516 0.07850273310643574 0.033173330739402637 0.10223088043559565 0.056656294616901748 0.019772681294983045 0.032937406546369848 0.069602445196528362 0.07270379973346211 -0.0091838085520433033 0.052649927005308475
leaf_weight=292.01675409078598 8.0050788521766645 6.7436023503541938 20.256098672747612 9.2316658794879931 5.8104823380708721 13.942436590790747 3.9615207016468039 63.154985427856445 9.4931871592998487 46.584470361471176 8.3867354691028613 28.485225677490234 6.2564592063426998 10.599221661686896
leaf_count=2676 36 29 88 43 26 64 18 290 43 214 36 125 29 48
internal_value=-0.000922971 0.0491402 0.0481879 0.046717 0.0341225 0.0465073 0.048691 0.0500815 0.048887 0.0444185 0.0528784 0.0587279 0.0429566 0.0296986
internal_weight=532.928 240.911 234.168 213.911 28.9846 19.7529 184.927 176.922 172.96 109.805 63.2208 53.7276 25.2424 16.8557
internal_count=3765 1089 1060 972 133 90 839 803 785 495 281 238 113 77
is_linear=0
shrinkage=0.05


Tree=11
num_leaves=15
num_cat=0
split_feature=3 1 3 3 2 0 1 2 1 1 3 1 1 2
split_gain=386.182 3.02111 4.71118 8.0915 6.24873 3.81155 2.54356 2.02907 3.31097 4.71637 3.63766 3.23689 4.00067 3.06285
threshold=1.2985165329227157 1545.4265811856214 2.5437748386905743 2.2024034481176287 39.919838527084096 590.19720389450765 1709.988742994009 60.108418320157334 1983.8244918611244 2371.624409380071 1.991083013843608 4155.4139462822632 2641.2704771194999 34.616218641821469
decision_type=2 2 2 2 2 2 2 2 2 2 2 2 2 2
left_child=-1 2 3 4 -2 -4 -3 8 -8 10 -10 12 -9 -12
right_child=1 6 5 -5 -6 -7 7 11 9 -11 13 -13 -14 -15
leaf_value=-0.040899362059108775 0.094136997645162548 0.017332949583152509 0.002765083529361789 0.13010054041790062 0.02218730645968893 0.056539189466654899 0.064449251308577857 0.077089613022427325 -0.020275581968584821 0.043249624710245703 0.055441726418834228 0.085475770203671517 0.023062915549824838 0.01165997112743641
leaf_weight=282.53437035530806 5.5170313566923195 9.5171681642532331 4.9867554903030387 5.0423236042261115 6.6612025499343872 9.7152195423841459 15.160602554678915 5.6786102354526546 4.786188721656802 146.91086833178997 6.6615853458642986 7.2592933028936377 8.6400504708290082 9.9780814796686155
leaf_count=2673 24 42 22 22 30 43 67 24 23 659 29 30 39 46
internal_value=-0.000996494 0.0447368 0.059088 0.0768361 0.0547822 0.0382996 0.0426019 0.0437746 0.0420691 0.0400535 0.0181384 0.058278 0.0444893 0.0291877
internal_weight=529.049 246.515 31.9225 17.2206 12.1782 14.702 214.592 205.075 183.497 168.337 21.4259 21.578 14.3187 16.6397
internal_count=3773 1100 141 76 54 65 959 917 824 757 98 93 63 75
is_linear=0
shrinkage=0.05


Tree=12
num_leaves=15
num_cat=0
split_feature=3 0 2 0 2 2 2 1 0 1 1 3 3 3
split_gain=358.385 2.83949 4.28924 2.56718 2.0187 4.90042 3.31753 5.6531 3.04676 3.41995 5.39196 2.90127 4.8547 3.61354
threshold=1.2985165329227157 4601.3800272970921 31.069900782491612 4259.2408082139546 42.165331282586877 58.773855589785953 40.430956494883922 3981.3792017183328 2458.7242059226342 3211.6788298236293 2727.8032021103249 2.2414376658391304 2.6023334907403863 3.1762551320079733
decision_type=2 2 2 2 2 2 2 2 2 2 2 2 2 2
left_child=-1 3 -3 4 6 -6 7 8 9 10 -2 -7 -13 -14
right_child=1 2 -4 -5 5 11 -8 -9 -10 -11 -12 12 13 -15
leaf_value=-0.039521503637144136 0.045644320340201501 -0.0092850244829884836 0.045743834712442033 0.081358855950929898 0.032603952483158068 0.034801418897468336 0.078068587031552311 0.023918408712587314 0.077113104499695079 0.019931215887254994 0.082990325749967939 0.10210843159159949 0.036938582066761406 0.088510608381484127
leaf_weight=273.02273266017437 50.380286902189255 6.2258222550153723 8.2117943465709669 4.7211845666170111 79.990325316786766 11.849259853363035 8.9475892782211286 22.138962060213089 10.816434830427168 9.0591693222522718 11.959163561463354 6.4455433189868954 12.322853729128839 4.6890742480754843
leaf_count=2665 217 29 37 21 359 52 39 100 47 39 50 27 53 20
internal_value=-9.24889e-06 0.0435323 0.0220142 0.0448638 0.0441101 0.0394523 0.0488499 0.0463446 0.0523836 0.0486372 0.0528088 0.0549679 0.0651548 0.0511536
internal_weight=520.78 247.757 14.4376 233.32 228.599 115.297 113.302 104.354 82.2151 71.3986 62.3395 35.3067 23.4575 17.0119
internal_count=3755 1090 66 1024 1003 511 492 453 353 306 267 152 100 73
is_linear=0
shrinkage=0.05


Tree=13
num_leaves=15
num_cat=0
split_feature=3 2 1 1 3 0 2 2 3 4 1 0 3 4
split_gain=328.888 3.00036 4.34541 5.07573 2.50697 1.79961 3.09963 3.05793 4.4676 3.23389 2.8674 8.64594 2.77526 2.39403
threshold=1.2985165329227157 60.81472606714069 2684.7968179006803 4155.4139462822632 3.4323830929359631 4601.3800272970921 31.069900782491612 32.332988855389765 3.3225442391474984 1.5000000000000002 5989.3141028308573 3053.8265084527425 3.1251119590835894 2.5000000000000004
decision_type=2 2 2 2 2 2 2 2 2 2 2 2 2 2
left_child=-1 4 -3 -4 5 7 -7 9 10 -2 11 -9 13 -11
right_child=1 2 3 -5 -6 6 -8 8 -10 12 -12 -13 -14 -15
leaf_value=-0.039153725339367673 0.036874512511472717 0.081578242701484838 0.0050427152367065161 0.067670044145508756 0.071408756445211316 -0.0066218301746136382 0.04081803053713242 0.038426049370602004 -0.0014444109433805414 0.068762924669643774 0.063833784145369901 -0.018512710581061957 0.093602799457230809 0.038271668286728906
leaf_weight=268.29359605908394 30.25952585041523 10.441307842731478 6.1004401892423612 6.8884562104940414 5.7340915352106085 5.9943081736564627 8.0905093252658826 121.58249494433403 7.882587492465972 12.621512457728391 9.4542004913091642 7.0538966059684745 5.0935102850198737 13.138931378722189
leaf_count=2700 132 43 27 28 24 28 36 532 35 54 41 32 22 55
internal_value=-0.000692639 0.0405275 0.057562 0.0382561 0.0387685 0.0379222 0.0206283 0.0390985 0.0351671 0.0484887 0.037257 0.0353038 0.0598791 0.0532111
internal_weight=518.629 250.336 23.4302 12.9889 226.906 221.171 14.0848 207.087 145.973 61.1135 138.091 128.636 30.854 25.7604
internal_count=3789 1089 98 55 991 967 64 903 640 263 605 564 131 109
is_linear=0
shrinkage=0.05


Tree=14
num_leaves=15
num_cat=0
split_feature=3 0 2 4 3 3 3 1 0 2 0 2 2 2
split_gain=282.514 5.57376 4.01015 2.04553 4.59659 3.26414 2.85584 2.53944 8.25638 2.55126 2.86061 2.36688 7.58776 3.1866
threshold=1.2985165329227157 4601.3800272970921 27.976181878183247 1.5000000000000002 2.0096724475162744 3.4147071583225777 1.6885516748060674 2583.1642223711642 2177.2495228203793 31.715727343513219 1000.0387795834457 34.616218641821469 31.715727343513219 58.773855589785953
decision_type=2 2 2 2 2 2 2 2 2 2 2 2 2 2
left_child=-1 3 -3 4 7 11 -5 9 -9 -2 -11 12 -6 -13
right_child=1 2 -4 6 5 -7 -8 8 -10 10 -12 13 -14 -15
leaf_value=-0.0384022382776667 0.034907016344078466 -0.036370335356988852 0.023505239716284758 0.0090057496205569049 0.024045380200710176 0.064280469879398547 0.043693586035874525 -0.0053791498659414485 0.076665593743088095 0.053353898263425494 0.10939684306748193 0.012359736687753805 0.094051024546054504 0.040697489716055746
leaf_weight=257.71713905036449 4.3799101710319546 4.193113148212432 8.3952654302120191 6.2371202707290641 20.216593772172931 5.5589470118284217 121.94113163650036 6.25657671689987 6.0138037204742432 4.5588071197271329 4.5490616112947464 42.779238447546959 4.7872493565082541 12.915749996900557
leaf_count=2674 20 20 37 27 86 23 519 28 26 20 20 189 20 55
internal_value=-0.00156441 0.0359925 0.00356105 0.0376922 0.0327564 0.0272216 0.0420057 0.0512913 0.0348316 0.0662654 0.0813454 0.0246688 0.0374487 0.0189313
internal_weight=510.5 252.783 12.5884 240.194 112.016 86.2578 128.178 25.7582 12.2704 13.4878 9.10787 80.6988 25.0038 55.695
internal_count=3764 1090 57 1033 487 373 546 114 54 60 40 350 106 244
is_linear=0
shrinkage=0.05


Tree=15
num_leaves=15
num_cat=0
split_feature=2 2 2 1 2 3 2 0 0 0 1 1 3 0
split_gain=295.871 2.28752 3.2622 2.74596 2.50171 7.83508 2.96875 2.99094 4.65072 8.20157 3.06981 6.76109 3.98495 3.11131
threshold=20.224648078992633 22.80416915387983 24.080981267234623 3248.738548882799 25.528171987915574 2.4108470413361522 27.976181878183247 1628.7876380899652 1258.261527986095 1192.929297318514 2981.7703893320354 2480.7319854292709 2.7963542428022348 1451.9768115214076
decision_type=2 2 2 2 2 2 2 2 2 2 2 2 2 2
left_child=-1 3 -3 -2 5 -4 -6 8 9 -8 11 13 -12 -10
right_child=1 2 4 -5 6 -7 7 -9 10 -11 12 -13 -14 -15
leaf_value=-0.038457286279996561 0.037234110102942586 0.0018654779189939059 0.0991042648064617 0.08279791965776534 0.01400847505812179 0.012809353469367783 0.033371307646379196 0.044098201572340276 -0.0046610196909450397 0.086935769557491549 -0.026013059799765672 0.072318599937012368 0.033017322249878203 0.044069549142315374
leaf_weight=255.03635734319687 7.289737716317175 6.5630570948123923 5.9956775903701764 6.0518817156553268 13.794058889150618 4.6862295717000961 66.469824954867363 101.94182142615318 10.65087439119816 8.0072091966867429 7.4697608500719053 6.1593622416257849 4.6317408978939056 4.7302383780479422
leaf_count=2716 30 28 25 26 58 20 283 432 46 34 35 26 21 20
internal_value=-0.000398795 0.0377487 0.0366334 0.0579023 0.0376064 0.0612461 0.0364783 0.0379538 0.0321605 0.0391302 0.0167311 0.0280519 -0.00341971 0.0103254
internal_weight=509.478 254.441 241.1 13.3416 234.537 10.6819 223.855 210.061 108.119 74.477 33.642 21.5405 12.1015 15.3811
internal_count=3800 1084 1028 56 1000 45 955 897 465 317 148 92 56 66
is_linear=0
shrinkage=0.05


Tree=16
num_leaves=15
num_cat=0
split_feature=2 2 0 3 2 2 3 2 2 1 2 1 1 0
split_gain=253.808 2.81306 2.70912 4.11414 4.04548 3.73852 7.32977 2.93875 2.51292 4.46951 2.97499 2.46352 4.28563 2.41248
threshold=20.224648078992633 60.81472606714069 2789.6344565012346 3.1526232304346782 42.165331282586877 45.370202637674446 2.7757052700899334 54.861090690160644 58.773855589785953 3955.4838573977395 59.766178186790093 2641.2704771194999 4692.2693593521572 2532.666481578492
decision_type=2 2 2 2 2 2 2 2 2 2 2 2 2 2
left_child=-1 2 4 -4 13 6 -6 -7 9 -9 -10 -3 -13 -2
right_child=1 11 3 -5 5 7 -8 8 10 -11 -12 12 -14 -15
leaf_value=-0.03729625065900382 0.039543566184850401 0.067597626173168016 0.029074961459395102 -0.0047171607316408527 -0.017575864949266478 0.040452651690114055 0.057143308088521305 -0.0073708016540173574 0.060453413540949866 0.04898833910157957 0.013348667000943846 0.014127547591728599 0.067397803629078212 0.067805982367326587
leaf_weight=244.64622648060322 83.780733272433281 10.64869210124016 43.258370190858841 11.375805795192717 10.904308870434759 42.293195098638535 4.6955879032611838 12.97325080633164 6.6114050447940809 4.8265551179647437 6.7989536076784134 9.0419256985187513 6.4824328720569602 8.298576816916464
leaf_count=2685 346 43 185 52 48 181 20 58 28 20 29 39 26 34
internal_value=-0.00067378 0.0335243 0.0317982 0.0220388 0.0347411 0.027146 0.0049147 0.0318643 0.0202261 0.00791142 0.0365717 0.049076 0.0363714 0.0420907
internal_weight=506.636 261.99 235.817 54.6342 181.183 89.1033 15.5999 73.5034 31.2102 17.7998 13.4104 26.1731 15.5244 92.0793
internal_count=3794 1109 1001 237 764 384 68 316 135 78 57 108 65 380
is_linear=0
shrinkage=0.05


Tree=17
num_leaves=15
num_cat=0
split_feature=2 2 2 4 1 3 2 4 2 2 3 3 2 1
split_gain=243.074 3.49068 3.27144 3.7112 8.03989 3.69873 4.96991 4.75222 3.55171 4.10199 5.65568 2.70248 2.65169 3.20457
threshold=20.224648078992633 58.773855589785953 42.660714761313848 1.5000000000000002 4297.5681969705465 3.2216756283527461 45.370202637674446 3.5000000000000004 56.220493915941844 48.471433129041685 2.7757052700899334 2.6794286055782108 40.430956494883922 3177.1327669042525
decision_type=2 2 2 2 2 2 2 2 2 2 2 2 2 2
left_child=-1 2 12 4 8 6 -5 -8 9 11 -11 -4 13 -2
right_child=1 -3 3 5 -6 -7 7 -9 -10 10 -12 -13 -14 -15
leaf_value=-0.036365741917010051 0.041155689187108595 0.047280697342528308 -0.030947839952876862 0.00093865639127428072 0.055614179648594698 -0.0082198972765281011 0.05597765953775722 0.010694217966483902 -0.036367391725622394 0.050678555281582577 -0.016626011798911031 0.017442905463580613 0.056916505513753241 0.024926044711105124
leaf_weight=238.17244562506676 65.187961250543594 39.083005264401436 7.6580329239368492 7.4422891587018958 8.4271257072687131 4.8499203324317923 26.462049767374992 7.4178140610456458 5.3809451758861533 8.8977708369493467 4.8078866302967063 4.629348412156105 13.523703575134276 57.019074097275734
leaf_count=2695 267 162 34 32 35 21 111 31 25 39 21 20 57 242
internal_value=0.000151995 0.033503 0.0310743 0.0234428 0.0122538 0.0330878 0.037936 0.0460631 0.000607158 0.00826144 0.0270684 -0.0127163 0.0359081 0.0335833
internal_weight=498.959 260.787 221.704 85.9732 39.8011 46.1721 41.3222 33.8799 31.374 25.993 13.7057 12.2874 135.731 122.207
internal_count=3792 1097 935 369 174 195 174 142 139 114 60 54 566 509
is_linear=0
shrinkage=0.05


Tree=18
num_leaves=15
num_cat=0
split_feature=2 0 3 3 2 2 0 3 3 3 2 0 0 2
split_gain=210.978 1.4653 1.58579 1.84801 1.37564 1.79609 1.68613 1.01491 2.81635 1.73394 3.67542 1.46668 3.60085 2.65602
threshold=20.224648078992633 494.19601264266663 3.4323830929359631 3.3775856541569755 8.8740227931768683 9.7269918260975992 1849.9442996273212 1.7061709362012061 1.6572269871513614 1.8501243846400663 40.430956494883922 2248.5690715444989 1876.4252379545817 37.585034776752273
decision_type=2 2 2 2 2 2 2 2 2 2 2 2 2 2
left_child=4 -2 3 7 -1 6 -6 8 -3 10 -9 12 -11 -14
right_child=1 2 -4 -5 5 -7 -8 9 -10 11 -12 -13 13 -15
leaf_value=-0.035537141157793474 0.056633767359623589 0.037232654532010495 0.056953584157774073 0.0019011390888949002 -0.036340381645983813 -0.044938659131340139 0.012783844873525017 0.020962527594010256 -0.0079059072016900659 0.029996653222130111 0.066931306044437491 0.024390724454176765 0.036434147688694248 0.073556760520175277
leaf_weight=218.2686912715435 5.5478629469871512 7.9843089133501035 5.6056191325187674 5.6924181133508673 2.6496491730213148 4.0738648772239685 5.1263341754674911 7.7988735735416439 6.0925518721342087 119.48332099616528 9.8279688060283643 70.506770923733711 10.673896118998529 8.7830998450517637
leaf_count=2549 23 34 23 24 31 42 59 32 26 499 41 298 43 36
internal_value=0.000169957 0.0312153 0.0306567 0.0300595 -0.0346364 -0.0180449 -0.00395513 0.0307242 0.0176964 0.0315318 0.0465927 0.0302643 0.0332449 0.0531917
internal_weight=488.115 257.997 252.449 246.843 230.119 11.8498 7.77598 241.151 14.0769 227.074 17.6268 209.447 138.94 19.457
internal_count=3760 1079 1056 1033 2681 132 90 1009 60 949 73 876 578 79
is_linear=0
shrinkage=0.05


Tree=19
num_leaves=15
num_cat=0
split_feature=3 2 1 0 2 0 3 3 1 3 0 2 2 3
split_gain=201.439 1.97084 1.92444 5.58517 3.61818 1.89848 2.33817 1.45851 1.37276 5.30632 3.43951 3.41956 3.91897 5.5036
threshold=1.2985165329227157 5.5557177776466302 2463.3883607182329 1724.7803929103877 6.7226535074857035 494.19601264266663 3.4147071583225777 1.01085135224057 3112.4933321259246 3.1526232304346782 1783.0211707525111 22.80416915387983 26.937751328859687 2.2024034481176287
decision_type=2 2 2 2 2 2 2 2 2 2 2 2 2 2
left_child=1 -1 3 -3 -5 -2 8 -6 10 11 -7 -10 13 -13
right_child=5 2 -4 4 7 6 -8 -9 9 -11 -12 12 -14 -15
leaf_value=-0.03820429103903053 0.055193501806988746 -0.036581282935270736 -0.034131965467871839 0.088341952051025116 0.034762319175676556 0.02781266010224406 0.052287036262380453 -0.029098315298728746 0.063629335916229865 -0.0060744068724295844 0.05458390576141614 0.032885099646889467 0.028361827026709641 -0.036921113210585561
leaf_weight=184.25411868095398 6.5679689198732367 8.1326994001865369 23.884470507502556 1.7437298297882069 1.66987831145525 115.77489088475704 9.5172823220491392 1.9245290234684942 5.9989643543958655 13.745201751589773 13.384811192750929 5.50044898688793 86.317146226763725 5.8018669486045837
leaf_count=2219 27 98 286 21 20 482 39 23 27 61 55 23 360 25
internal_value=-0.000975163 -0.0360812 -0.0256091 -0.0104976 0.0292411 0.02865 0.0279691 0.000569855 0.0270303 0.0231162 0.030587 0.0269884 0.0247367 -0.00294883
internal_weight=484.218 221.609 37.3553 13.4708 5.33814 262.609 256.041 3.59441 246.523 117.364 129.16 103.618 97.6195 11.3023
internal_count=3766 2667 448 162 64 1099 1072 43 1033 496 537 435 408 48
is_linear=0
shrinkage=0.05


Tree=20
num_leaves=15
num_cat=0
split_feature=3 3 2 0 0 3 4 2 2 4 3 4 2 0
split_gain=195.801 2.72458 2.13864 3.19468 3.2404 1.73895 4.37332 1.85854 2.79906 4.73726 3.50012 2.06974 2.78975 2.38289
threshold=1.2985165329227157 3.4323830929359631 61.383834719568519 1451.9768115214076 936.62002830090489 3.2646921734812642 1.5000000000000002 55.384843526329199 58.773855589785953 1.5000000000000002 2.2591735462362763 3.5000000000000004 34.616218641821469 2261.1412645790024
decision_type=2 2 2 2 2 2 2 2 2 2 2 2 2 2
left_child=-1 2 5 4 -4 7 -7 11 9 -9 -10 13 -13 -2
right_child=1 -3 3 -5 -6 6 -8 8 10 -11 -12 12 -14 -15
leaf_value=-0.034733028773679106 0.037151520348888238 0.05991168013063114 0.051695590121246297 0.077020906586920332 0.0060128466501220834 -0.0085336360380709776 0.038500665845910415 -0.027781699447555316 0.0046119929804465214 0.027874337948236235 0.052330932991539736 0.038218362242489062 0.00037672953201564 0.024822699142729207
leaf_weight=216.15765284001827 99.568173497915268 7.1391717344522467 9.2381454110145587 5.393320530652999 6.6950245648622504 10.754226654767992 9.1448284089565259 7.1330465823411968 6.6823774278163901 8.2399988919496518 9.0429740101098997 8.07452440261841 12.273694276809691 64.633686378598213
leaf_count=2679 411 29 37 22 28 46 39 32 28 34 37 33 51 273
internal_value=0.000553383 0.0294437 0.0285969 0.043759 0.0325 0.0272242 0.0130815 0.0285292 0.0172216 0.00205011 0.0320531 0.0304346 0.0153929 0.0322986
internal_weight=480.171 264.013 256.874 21.3265 15.9332 235.548 19.8991 215.648 31.0984 15.373 15.7254 184.55 20.3482 164.202
internal_count=3779 1100 1071 87 65 984 85 899 131 66 65 768 84 684
is_linear=0
shrinkage=0.05


Tree=21
num_leaves=15
num_cat=0
split_feature=2 2 2 0 0 2 3 0 2 3 3 3 3 3
split_gain=165.736 2.20417 2.06966 1.78082 5.18291 3.68394 5.28309 3.30425 2.62792 4.34175 3.84662 3.14179 3.21198 3.0691
threshold=9.9350845971516168 20.99610971446252 5.5557177776466302 1258.261527986095 1200.8337771511972 39.217349339514271 2.4928107815152001 1384.5898716152303 58.344760882776498 2.8879082354279535 2.1391288707524372 2.7963542428022348 2.4632974922611366 3.1526232304346782
decision_type=2 2 2 2 2 2 2 2 2 2 2 2 2 2
left_child=2 -2 -1 4 5 6 -3 -5 11 10 -10 12 -7 -13
right_child=1 3 -4 7 -6 8 -8 -9 9 -11 -12 13 -14 -15
leaf_value=-0.035599073568974973 0.057672622067172885 0.071674945193993422 -0.022612426403622047 -0.0023915735067851639 0.071097242617409503 0.013189023179605068 0.019381162910073427 0.024145403532562611 0.023169188669517587 0.0019511234126311874 0.068840374423765949 0.060490043639894991 -0.02823710972406402 0.0064032741799658127
leaf_weight=175.31231892108917 5.3101602271199217 9.943572551012041 37.186959087848663 12.638612583279608 7.369453787803649 17.310869753360752 9.391333654522894 163.22494566440582 9.0843085497617775 7.8507060259580603 9.3612752109765989 5.5266641378402692 6.4123739898204795 4.99183489382267
leaf_count=2237 28 40 465 53 30 72 38 677 38 32 38 23 27 21
internal_value=-0.000337424 0.0257793 -0.0333264 0.0251356 0.0309759 0.0272741 0.0462749 0.0222383 0.0212056 0.0330932 0.0463477 0.0120765 0.00199157 0.0348217
internal_weight=480.915 268.416 212.499 263.106 87.2424 79.8729 19.3349 175.864 60.538 26.2963 18.4456 34.2417 23.7232 10.5185
internal_count=3819 1117 2702 1089 359 329 78 730 251 108 76 143 99 44
is_linear=0
shrinkage=0.05


Tree=22
num_leaves=15
num_cat=0
split_feature=3 2 1 2 3 3 3 1 0 3 3 3 0 1
split_gain=141.004 1.87946 3.16666 2.30377 2.72147 2.69746 6.37527 2.1712 4.15639 4.02201 2.8801 3.59051 2.05543 6.29918
threshold=1.2985165329227157 60.108418320157334 4155.4139462822632 35.657274754582211 1.8186455172269265 3.4147071583225777 3.3225442391474984 3955.4838573977395 3222.7994940421804 3.2460172221086214 3.0088917046801087 2.6023334907403863 2532.666481578492 3248.738548882799
decision_type=2 2 2 2 2 2 2 2 2 2 2 2 2 2
left_child=-1 3 -3 4 -2 6 -5 9 -9 12 11 -10 13 -6
right_child=1 2 -4 5 7 -7 -8 8 10 -11 -12 -13 -14 -15
leaf_value=-0.031899212495208905 0.0012063712205585078 0.025669385487281898 0.063280928122019992 0.018967164750503779 0.034646201021936031 0.052533846536748745 -0.03267996491000822 -0.013633008277290021 0.023745207158460391 0.072858217415708762 0.00085520333068187654 0.076336146228171975 0.058698404046385926 -0.022962994168355174
leaf_weight=203.18463153392076 8.5619496405124647 21.518097221851352 7.5632819831371298 130.80940483510494 40.104010865092278 5.4320003986358634 6.2611050456762305 7.1523571610450771 8.816937521100046 6.6304027438163748 5.6744854003190985 5.1359489858150473 6.1181735247373572 5.3818136453628531
leaf_count=2664 38 88 31 544 162 22 27 30 37 27 25 21 25 22
internal_value=-0.000558263 0.0234574 0.0354511 0.02198 0.0280752 0.0179775 0.016608 0.0307812 0.0189981 0.0361998 0.0308891 0.0431035 0.0314897 0.02783
internal_weight=468.345 265.16 29.0814 236.079 93.5761 142.503 137.071 85.0141 26.7797 58.2344 19.6274 13.9529 51.604 45.4858
internal_count=3763 1099 119 980 387 593 571 349 113 236 83 58 209 184
is_linear=0
shrinkage=0.05


Tree=23
num_leaves=15
num_cat=0
split_feature=3 2 0 3 1 1 2 2 3 1 4 2 1 1
split_gain=141.234 2.37729 2.35203 2.9672 2.23318 2.2107 2.179 2.59443 3.78503 2.7221 4.53185 3.51985 3.47506 3.33196
threshold=1.2985165329227157 5.5557177776466302 2871.2047242882777 3.1526232304346782 4297.5681969705465 6351.0684553288638 42.165331282586877 45.370202637674446 2.6023334907403863 2908.1431348361007 1.5000000000000002 60.81472606714069 1827.8459418544555 3411.7904430903782
decision_type=2 2 2 2 2 2 2 2 2 2 2 2 2 2
left_child=1 -1 4 -4 6 -5 -2 8 -8 11 13 -9 -13 -11
right_child=2 -3 3 5 -6 -7 7 9 -10 10 -12 12 -14 -15
leaf_value=-0.034358381517843338 0.030188732644480916 -0.019964120369308232 0.020227349831842711 -0.03146532992755012 0.042358411486378457 0.015360062397960977 -0.023115654373379708 0.022954626025277872 0.030765976355145747 -0.02986371941410372 0.032281515223515765 0.024070685725523247 0.080714500744808015 0.014858799942443983
leaf_weight=164.90424257516861 91.799734443426132 34.72436348348856 46.329481303691864 5.4094570577144605 19.78087505698204 4.7199633121490479 7.9224237501621229 40.556860536336899 5.5374745279550552 8.0109907686710411 13.587911754846571 4.9689289778470975 5.9499167203903198 8.67433914542198
leaf_count=2231 374 457 193 24 81 21 34 168 23 35 56 20 24 37
internal_value=-0.00013854 -0.0318546 0.0239126 0.0148677 0.0263821 -0.0096463 0.0246922 0.0193925 -0.000948462 0.0227417 0.0108443 0.0297386 0.0549371 -0.00661346
internal_weight=462.877 199.629 263.248 56.4589 206.789 10.1294 187.009 95.2088 13.4599 81.7489 30.2732 51.4757 10.9188 16.6853
internal_count=3778 2688 1090 238 852 45 771 397 57 340 128 212 44 72
is_linear=0
shrinkage=0.05


Tree=24
num_leaves=15
num_cat=0
split_feature=2 2 1 1 0 0 2 0 4 0 0 0 1 0
split_gain=128.656 1.59712 1.82369 2.48506 2.10645 2.70809 1.85533 1.45881 2.00661 1.36995 1.80139 4.36609 4.11504 3.99121
threshold=9.9350845971516168 -8.0094777228259932 5233.3338823949243 4820.882026878824 9202.7281269632622 11501.140571982167 -5.6949298251782183 7557.0001595943986 1.0000000180025095e-35 443.83137383120715 824.45556716067028 773.89417532227674 1522.8477667272277 686.43513857222547
decision_type=2 2 2 2 2 2 2 2 2 2 2 2 2 2
left_child=1 7 3 6 -4 -6 -3 -1 -9 -2 11 13 -12 -11
right_child=9 2 4 -5 5 -7 -8 8 -10 10 12 -13 -14 -15
leaf_value=-0.040572107949155903 0.052946321422549694 -0.0095398542791426781 -0.04700371245331373 0.010465593717268216 0.024891721262385921 -0.054277305098004637 -0.02940570172792711 0.013709600785125439 -0.054222400730782938 0.0085904816380522591 0.060972704549652028 -0.026892145398933805 0.022594126492742266 0.052207044314503494
leaf_weight=51.204748064279556 3.6787036806344977 13.428061708807943 20.647190190851692 4.634492650628089 2.527061626315116 1.8865725323557851 94.213238164782524 2.9441204816102973 1.7233875989913938 20.194827780127529 7.2127729207277289 6.0940871089696875 220.71336643397808 7.0850749611854544
leaf_count=712 15 187 285 64 35 26 1292 41 24 83 29 25 915 29
internal_value=2.25009e-05 -0.0310056 -0.0281061 -0.025384 -0.0403015 -0.00894844 -0.0269275 -0.0381328 -0.011373 0.0226466 0.02222 0.0113709 0.0238086 0.0199185
internal_weight=458.188 193.209 137.337 112.276 25.0608 4.41363 107.641 55.8723 4.66751 264.979 261.3 33.374 227.926 27.2799
internal_count=3762 2666 1889 1543 346 61 1479 777 65 1096 1081 137 944 112
is_linear=0
shrinkage=0.05


Tree=25
num_leaves=15
num_cat=0
split_feature=3 0 0 0 4 2 2 2 1 1 4 4 3 0
split_gain=126.67 1.81763 3.93763 2.04976 1.63773 2.09633 1.70328 4.7495 2.07749 2.56243 2.11873 1.96656 2.46687 1.77196
threshold=1.2985165329227157 8821.4840467380473 9653.2570561985358 6269.991466153534 4.5000000000000009 44.661676438598285 58.773855589785953 55.384843526329199 5281.348170443257 2768.773912021325 1.5000000000000002 3.5000000000000004 2.827293522328834 2261.1412645790024
decision_type=2 2 2 2 2 2 2 2 2 2 2 2 2 2
left_child=1 3 -3 -1 6 -6 7 11 9 10 -8 13 -13 -2
right_child=4 2 -4 -5 5 -7 8 -9 -10 -11 -12 12 -14 -15
leaf_value=-0.030860060871258522 0.026738680115028165 0.057375069210187049 -0.027678260787064174 -0.050583666336927451 0.064987796516651056 0.021164005238356903 0.056926201507906699 -0.0055148606832278076 0.059175227653924294 0.011525286590481213 0.021344044703358357 -0.016508355604786841 0.026145616169602898 0.016898664667915109
leaf_weight=167.57848489284515 115.50851298868656 1.7921822071075428 5.6533389016985893 14.296355731785296 4.9279581606388074 6.1150221675634384 8.6068363934755343 17.626018851995468 5.5293613374233237 15.7248218357563 8.1405988037586194 7.3401382714509946 6.2984274625778198 75.757605955004692
leaf_count=2378 472 25 79 205 20 25 35 75 23 65 33 30 26 316
internal_value=-2.47986e-05 -0.0314192 -0.00720541 -0.0324104 0.0218608 0.0407205 0.0210614 0.0193908 0.0308445 0.0260204 0.0396304 0.0215332 0.00318968 0.0228412
internal_weight=460.896 189.32 7.44552 181.875 271.575 11.043 260.532 222.531 38.0016 32.4723 16.7474 204.905 13.6386 191.266
internal_count=3807 2687 104 2583 1120 45 1075 919 156 133 68 844 56 788
is_linear=0
shrinkage=0.05


Tree=26
num_leaves=15
num_cat=0
split_feature=2 3 3 2 3 0 1 1 3 3 2 2 2 2
split_gain=97.7352 2.87872 1.76988 1.67131 1.94145 1.66124 2.22356 2.3868 1.50156 3.4375 1.64355 3.47299 4.55277 1.45106
threshold=8.8740227931768683 1.2985165329227157 3.4323830929359631 20.99610971446252 3.3775856541569755 494.19601264266663 1063.6882428203248 1264.5985203082971 0.83056013966333586 0.84041441217793678 7.5864890408094121 6.8763115866045359 7.2291104519338569 9.8329026344639434
decision_type=2 2 2 2 2 2 2 2 2 2 2 2 2 2
left_child=8 13 3 -3 5 -5 -7 -8 -1 -10 11 -11 -13 -2
right_child=1 2 -4 4 -6 6 7 -9 9 10 -12 12 -14 -15
leaf_value=-0.03862019579789485 -0.00076920494805238963 0.046614424083155276 0.045562818010842582 0.04363193233185611 -0.0083115971509154212 -0.011213305555867964 0.05134216677902273 0.017789822272446357 0.023500254386499959 -0.029060438305859672 -0.05450828291253778 0.072419055425792564 -0.031742008764107564 -0.05429575533391872
leaf_weight=39.025601081550121 7.4810927361249906 5.1017267256975165 6.0908411145210257 6.3790293484926215 6.9699443429708472 6.4352067857980719 5.4299545586109152 222.19700454175472 3.2255052477121344 124.19171236455441 5.9123445972800246 1.9753975197672833 2.2371479347348213 1.5241100862622259
leaf_count=570 104 23 25 26 29 26 22 912 47 1813 82 28 32 21
internal_value=-0.0010896 0.0179616 0.0189293 0.0182869 0.0177028 0.0184569 0.0177708 0.0185902 -0.029964 -0.0275079 -0.0287328 -0.027546 0.0171025 -0.00982845
internal_weight=444.177 267.609 258.604 252.513 247.411 240.441 234.062 227.627 176.568 137.542 134.317 128.404 4.21255 9.0052
internal_count=3760 1188 1063 1038 1015 986 960 934 2572 2002 1955 1873 60 125
is_linear=0
shrinkage=0.05


Tree=27
num_leaves=15
num_cat=0
split_feature=3 3 3 1 1 1 0 1 1 3 4 3 4 0
split_gain=98.4341 2.10165 5.17607 7.08631 3.91196 3.76174 3.87484 3.06672 3.60603 3.46045 2.67119 4.72569 2.65112 2.48384
threshold=1.6114087386229139 2.3914672868189539 2.6794286055782108 3248.738548882799 5852.2453706133338 2864.1046560018617 1651.1159250233829 2427.0248140900403 1545.4265811856214 2.162048862404419 1.5000000000000002 1.9674816074464172 1.5000000000000002 1628.7876380899652
decision_type=2 2 2 2 2 2 2 2 2 2 2 2 2 2
left_child=-1 4 3 -3 5 7 -7 8 9 12 -10 -12 -2 -4
right_child=1 2 13 -5 -6 6 -8 -9 10 -11 11 -13 -14 -15
leaf_value=-0.028498043743010161 0.048532670655615652 0.020772367955297574 0.013470285131956201 -0.022020833739349658 0.05029875402911746 -0.020730867603914977 0.017542632221031369 0.054299312917871795 0.028029201531641908 0.077564697723052578 -0.03780378328464612 0.023863459586509643 -0.00034867145228769823 0.028514951565655058
leaf_weight=182.44435550272465 6.4203445613384265 19.848297774791718 53.562998592853546 18.87266905605793 13.194701775908468 8.1665612012147886 34.76178614795208 10.551487192511557 13.601356357336046 4.9440602958202353 5.6605405807495099 6.8858203589916229 4.883886843919754 56.240893334150314
leaf_count=2698 26 81 219 78 54 35 142 43 56 20 23 28 20 232
internal_value=-0.000398409 0.0195034 0.0156332 -8.51157e-05 0.0247736 0.0212608 0.0102616 0.0301786 0.0241755 0.0426739 0.0126804 -0.00395895 0.0274139 0.0211761
internal_weight=440.04 257.595 148.525 38.721 109.071 95.8758 42.9283 52.9475 42.396 16.2483 26.1477 12.5464 11.3042 109.804
internal_count=3755 1057 610 159 447 393 177 216 173 66 107 51 46 451
is_linear=0
shrinkage=0.05


Tree=28
num_leaves=15
num_cat=0
split_feature=3 0 0 0 3 1 4 0 0 0 3 3 3 0
split_gain=87.2074 1.44874 3.63946 2.74729 2.44925 3.34296 1.31317 1.23416 4.07297 4.21979 1.99 3.08471 1.90677 1.75485
threshold=1.2985165329227157 8821.4840467380473 11501.140571982167 5506.0663995225159 1.1419842253541053 9877.902783528556 1.5000000000000002 1628.7876380899652 1733.8900247666513 1695.5762550656614 1.1091953963248542 1.1200620239147265 1.0530904435043937 1119.7853850718702
decision_type=2 2 2 2 2 2 2 2 2 2 2 2 2 2
left_child=1 3 4 6 5 -3 7 13 9 -9 12 -12 -10 -1
right_child=-2 2 -4 -5 -6 -7 -8 8 10 -11 11 -13 -14 -15
leaf_value=-0.016073580553427343 0.018043682130502184 -0.05403834140112377 -0.053787461186431185 -0.044781607261985566 0.070524589364059281 0.050116974770510275 -0.053793427657169796 -0.016535209864096925 -0.026242599875122688 0.081692594613436365 0.060054118939425152 -0.017950903982269683 -0.049088347112394876 -0.044672546806993896
leaf_weight=7.9501819685101536 264.44094337522984 1.6560379788279527 2.5502071231603622 22.472231850028038 1.6048735380172727 1.4405110403895376 4.1230888143181792 2.6841767132282248 65.332961969077587 1.8448122367262838 1.3172435835003842 33.485574074089527 10.617621116340159 16.488276928663254
leaf_count=121 1087 24 39 352 23 21 63 41 998 28 20 512 162 253
internal_value=-3.12022e-05 -0.0275694 -0.00569274 -0.0285232 0.0203954 -0.00558541 -0.0259832 -0.0251626 -0.022999 0.0234763 -0.0248994 -0.0149985 -0.0294364 -0.0353689
internal_weight=438.009 173.568 7.25163 166.316 4.70142 3.09655 143.844 139.721 115.282 4.52899 110.753 34.8028 75.9506 24.4385
internal_count=3744 2657 107 2550 68 45 2198 2135 1761 69 1692 532 1160 374
is_linear=0
shrinkage=0.05


Tree=29
num_leaves=15
num_cat=0
split_feature=2 3 3 2 2 2 2 1 0 1 3 4 2 1
split_gain=79.9935 2.52302 3.21106 1.44154 1.85335 1.98778 2.10855 1.77118 3.40278 1.54183 2.08541 1.42195 1.78686 1.75613
threshold=8.8740227931768683 0.71208040434574782 1.2985165329227157 60.81472606714069 55.384843526329199 58.773855589785953 59.766178186790093 2641.2704771194999 1559.9009841881518 3955.4838573977395 2.6794286055782108 3.5000000000000004 20.99610971446252 2311.0462614889284
decision_type=2 2 2 2 2 2 2 2 2 2 2 2 2 2
left_child=-1 -2 -3 4 11 9 -7 -5 -9 10 -6 12 -4 -13
right_child=1 2 3 7 5 6 -8 8 -10 -11 -12 13 -14 -15
leaf_value=-0.028390348873482386 0.1917936802834434 -0.014101876398317474 0.048360705195818365 0.044027045433444836 -0.038619260393541771 0.036372017995245601 -0.0025490378860373373 -0.0055131001458407561 0.043381230121732353 0.012982873678016744 0.0052093900150242747 -0.014609277747317026 0.017822817775304398 0.014648295481530273
leaf_weight=163.89066085591912 0.20344699174165626 8.7776705250143987 4.9211279451847068 10.258939877152445 5.9599917531013542 7.3607071638107282 6.5999477207660675 7.7914972603321058 6.5497079193592072 5.9384387433528891 4.9833275377750397 7.3677793145179775 180.0202604085207 16.877718970179558
leaf_count=2569 3 129 22 42 26 30 27 32 28 24 21 30 734 69
internal_value=-0.000765684 0.0157813 0.0156503 0.0166372 0.0154558 0.00401356 0.017972 0.0281645 0.0168172 -0.00752957 -0.0186607 0.0171428 0.0186354 0.00575743
internal_weight=437.501 273.611 273.407 264.629 240.029 30.8424 13.9607 24.6001 14.3412 16.8818 10.9433 209.187 184.941 24.2455
internal_count=3786 1217 1214 1085 983 128 57 102 60 71 47 855 756 99
is_linear=0
shrinkage=0.05


Tree=30
num_leaves=15
num_cat=0
split_feature=3 4 2 3 3 3 2 2 0 1 1 0 0 1
split_gain=74.3241 1.40995 1.29141 3.13098 4.58044 3.08022 2.83834 1.46242 6.51646 3.09143 4.77604 3.63361 3.65407 3.958
threshold=1.2985165329227157 1.5000000000000002 58.773855589785953 2.2414376658391304 2.6023334907403863 1.9025582588145462 55.384843526329199 49.806050749000811 913.36081589424157 2109.8089670227605 2262.8009620775879 1364.4422360898591 1269.6525457261862 1709.988742994009
decision_type=2 2 2 2 2 2 2 2 2 2 2 2 2 2
left_child=1 -1 6 5 -5 -4 7 9 -9 11 -11 12 13 -2
right_child=2 -3 3 4 -6 -7 -8 8 -10 10 -12 -13 -14 -15
leaf_value=-0.025487063914322233 0.017766870350337478 -0.053486805662265983 0.02855791585317688 0.068039871127903565 0.021518344231159364 -0.020519454914060025 -0.0043627349145190083 -0.018152032933891182 0.040108919015699102 -0.027152462133959124 0.013352538752513594 0.065952538802837829 -0.019216592867767512 0.056665426626988362
leaf_weight=161.91304708272219 29.61776277422905 4.6245207823812953 6.5560742020606977 7.4191705882549313 18.445524603128433 6.2402030378580093 17.520844548940659 6.1595289409160641 21.736864477396011 7.7335136830806723 123.45804113149643 5.0409639328718177 4.9742453545331946 8.3926502615213376
leaf_count=2597 120 76 27 31 76 26 74 25 89 32 507 21 20 34
internal_value=-0.000121876 -0.0262646 0.0164137 0.0248545 0.0348628 0.00462496 0.014961 0.0165957 0.0272449 0.0149381 0.0109648 0.0257917 0.0210819 0.0263556
internal_weight=429.833 166.538 263.295 38.661 25.8647 12.7963 224.634 207.114 27.8964 179.217 131.192 48.0256 42.9847 38.0104
internal_count=3755 2673 1082 160 107 53 922 848 114 734 539 195 174 154
is_linear=0
shrinkage=0.05


Tree=31
num_leaves=15
num_cat=0
split_feature=2 2 3 3 2 2 0 2 1 2 2 2 1 3
split_gain=71.9895 2.09317 1.97092 2.24155 1.9068 2.45383 2.82814 3.17826 4.66751 2.80904 3.10071 7.49966 2.17509 3.35828
threshold=8.8740227931768683 60.108418320157334 0.71208040434574782 1.2985165329227157 38.549949581573351 39.919838527084096 913.36081589424157 45.370202637674446 1612.5951676368707 42.165331282586877 49.806050749000811 55.384843526329199 2165.1708113913105 2.2229615107953373
decision_type=2 2 2 2 2 2 2 2 2 2 2 2 2 2
left_child=-1 2 -2 -4 -5 -6 7 -7 -9 -8 12 -12 -11 -14
right_child=1 -3 3 4 5 6 9 8 -10 10 11 -13 13 -15
leaf_value=-0.027136895084027297 0.15899599307257528 0.028367967647632789 -0.011714445098748784 0.019314237828301457 -0.020420402612379304 -0.039239132729331772 0.038139407910041584 0.025106235454794248 -0.025724194129247854 0.031286518958165456 0.042285492339098861 -0.00043941253400735898 0.018779388979287617 -0.013933194833228447
leaf_weight=155.37100888043642 0.23399002850055595 28.026945814490318 8.3097898624837381 115.69848914444447 6.1440728306770316 4.8953232914209392 12.359856337308882 11.94719171524048 7.2610405981540671 5.6603203266859046 21.800597473978996 19.421366512775421 12.243419393897055 21.842137813568115
leaf_count=2552 3 117 126 472 25 20 50 49 30 23 89 81 50 90
internal_value=8.41277e-05 0.0154165 0.0139518 0.0138147 0.0147013 0.0103824 0.011994 -0.00327436 0.00589146 0.0159374 0.0125482 0.022156 0.00258354 -0.00218294
internal_weight=431.216 275.845 247.818 247.584 239.274 123.575 117.431 24.1036 19.2082 93.3277 80.9678 41.222 39.7459 34.0856
internal_count=3777 1225 1108 1105 979 507 482 99 79 383 333 170 163 140
is_linear=0
shrinkage=0.05


Tree=32
num_leaves=15
num_cat=0
split_feature=2 3 3 3 0 1 3 2 3 4 1 2 2 2
split_gain=62.5826 3.02413 2.94994 1.94828 2.05007 3.36131 1.48419 2.39615 2.28912 1.29341 4.07043 4.7095 3.67253 5.42776
threshold=8.8740227931768683 0.71208040434574782 1.2985165329227157 1.6572269871513614 4601.3800272970921 9877.902783528556 0.93581041455934566 9.1676608937923358 0.8525734349026054 1.5000000000000002 4297.5681969705465 41.523565019596496 42.660714761313848 58.773855589785953
decision_type=2 2 2 2 2 2 2 2 2 2 2 2 2 2
left_child=-1 -2 6 -4 9 -6 8 -8 -3 10 12 -12 -5 -14
right_child=1 2 3 4 5 -7 7 -9 -10 -11 11 -13 13 -15
leaf_value=-0.025630839865474889 0.21732482053123051 -0.025687347374238959 0.038176761162552385 0.016772871801515165 -0.027467820597464162 0.019874760561689662 0.026759966459902258 -0.053742430159258552 0.061627319520983437 0.018721734174453591 0.007525484927213312 0.053233700737636239 -0.014662425729686672 0.021796900043897064
leaf_weight=152.90843732655048 0.18313351273536582 1.7765152677893632 8.7433402836322767 46.852408513426781 7.488493472337721 7.5085650831460953 1.241559889167547 3.6178841590881348 1.2998979352414606 129.18049037456512 11.196550205349924 11.346125259995459 31.950496852397919 15.000736474990843
leaf_count=2573 2 27 36 190 31 31 19 56 20 527 46 47 134 62
internal_value=5.18476e-05 0.0142094 0.0140752 0.0149607 0.0141815 -0.00376485 -0.0159699 -0.0331745 0.0112063 0.0152777 0.0114538 0.0305312 0.00686911 -0.00301381
internal_weight=430.295 277.386 277.203 269.267 260.524 14.9971 7.93586 4.85944 3.07641 245.527 116.346 22.5427 93.8036 46.9512
internal_count=3801 1228 1226 1104 1068 62 122 75 47 1006 479 93 386 196
is_linear=0
shrinkage=0.05


Tree=33
num_leaves=15
num_cat=0
split_feature=2 4 2 3 2 3 0 4 3 0 0 0 3 3
split_gain=62.0263 1.40525 2.24186 1.38003 1.42072 1.57328 4.21501 2.23568 3.74474 2.88191 5.7218 4.85638 2.47963 2.57027
threshold=8.8740227931768683 4.5000000000000009 46.025516818227423 3.4323830929359631 61.383834719568519 3.3225442391474984 1628.7876380899652 3.5000000000000004 2.827293522328834 2261.1412645790024 1876.4252379545817 2336.249856938166 1.1437148551628205 2.2591735462362763
decision_type=2 2 2 2 2 2 2 2 2 2 2 2 2 2
left_child=-1 3 -3 4 5 7 -7 9 -9 10 -2 -11 -13 -14
right_child=1 2 -4 -5 -6 6 -8 8 -10 11 -12 12 13 -15
leaf_value=-0.02600034826000637 0.014235763323718474 0.051970202304580528 0.0078108427307205146 0.035499096192800637 0.025733079259890313 -0.035696724332905723 0.021364186564399118 -0.027779266552613636 0.021179584715153577 -0.039579895894359923 0.043754650720024532 -0.028668418653347561 0.023911920183687839 0.0041087503845773886
leaf_weight=148.19496774673462 113.18305855616927 6.1016833186149579 5.4334432482719421 6.8462937027215949 19.495758935809135 6.0582601577043516 6.9481904357671738 8.5826142728328687 7.1673583835363379 5.3508129864931098 19.201178699731827 3.9623257145285598 27.277246650308371 41.033153012394905
leaf_count=2552 492 25 22 29 82 25 29 35 29 24 89 60 119 168
internal_value=0.000102556 0.0140857 0.0311696 0.0133424 0.012755 0.0116953 -0.00521415 0.0126695 -0.00549951 0.0140321 0.0185172 0.00638296 0.00978589 0.0120164
internal_weight=424.836 276.641 11.5351 265.106 258.26 238.764 13.0065 225.758 15.75 210.008 132.384 77.6235 72.2727 68.3104
internal_count=3780 1228 47 1181 1152 1070 54 1016 64 952 581 371 347 287
is_linear=0
shrinkage=0.05


Tree=34
num_leaves=15
num_cat=0
split_feature=2 3 3 0 1 3 4 0 1 0 1 3 0 4
split_gain=54.1878 2.60654 1.66823 4.7352 3.61605 4.24159 2.47049 1.88764 4.76516 1.81133 1.38735 1.41322 4.20549 3.79902
threshold=9.2818662918159287 0.7415846360805175 1.7061709362012061 494.19601264266663 1465.2685574767554 1.6885516748060674 2.5000000000000004 2231.5327579270315 5051.1879684743881 542.1231849494053 1191.7249698440003 3.107833383006716 2815.4051212177624 1.0000000180025095e-35
decision_type=2 2 2 2 2 2 2 2 2 2 2 2 2 2
left_child=1 -1 3 -2 -5 6 7 -6 -9 -4 -11 -12 13 -13
right_child=2 -3 9 4 5 -7 -8 8 -10 10 11 12 -14 -15
leaf_value=-0.048491368112912131 0.084459100383228486 -0.022831827015666811 -0.0085315742566721992 -0.07800373327364192 0.04080983737140894 -0.055840366377406442 -0.02481041172511628 -0.044372473791148143 0.060769109999393472 0.035580200680717933 0.012189772034005078 -0.0040222536311513039 -0.0018202974790349259 0.038959155229824516
leaf_weight=10.662187874317167 1.5070791728794599 137.92253240197897 8.5609186440706235 1.6648142822086835 6.0931378751993197 2.9098556488752356 3.6923270076513282 2.6708932407200336 1.8064957149326799 7.8257339596748343 184.54141727089882 6.2907405495643607 13.5042707324028 28.129816293716431
leaf_count=190 7 2417 35 15 39 12 15 36 17 32 755 26 57 116
internal_value=-0.000435258 -0.0246731 0.0129429 -0.000823106 -0.00764603 -0.000825181 0.0103988 0.0226975 -0.00195091 0.0140684 0.0148735 0.0141765 0.0218265 0.0311038
internal_weight=417.782 148.585 269.198 20.3446 18.8375 17.1727 14.2629 10.5705 4.47739 248.853 240.292 232.466 47.9248 34.4206
internal_count=3769 2607 1162 141 134 119 107 92 53 1021 986 954 199 142
is_linear=0
shrinkage=0.05


Tree=35
num_leaves=15
num_cat=0
split_feature=3 2 2 0 2 0 1 0 1 0 1 1 1 4
split_gain=54.0646 2.43013 3.1672 4.23901 2.73836 1.39948 7.0294 2.50379 2.5356 1.37014 3.39639 2.17264 2.21896 2.8291
threshold=1.2985165329227157 -10.931154944146632 -10.085069089677479 2458.7242059226342 -10.485871486088799 1628.7876380899652 1676.3023682756343 1119.7853850718702 1063.6882428203248 494.19601264266663 1063.6882428203248 1545.4265811856214 1777.3047612564642 1.5000000000000002
decision_type=2 2 2 2 2 2 2 2 2 2 2 2 2 2
left_child=1 -1 3 -3 -5 7 -7 8 -4 -2 -11 -12 13 -13
right_child=9 2 5 4 -6 6 -8 -9 -10 10 11 12 -14 -15
leaf_value=-0.038711997073709203 0.035793798140765602 -0.053087204368091827 -0.028766021925378311 0.0040892923531286761 0.093066559901612347 0.072116389591061536 -0.022671486788125281 -0.048953690635295227 0.047426765443748298 -0.020877632686812971 0.029199384665129259 0.016417024432082341 0.013442075504949587 -0.029846936094747586
leaf_weight=24.35915445536375 6.554661661386489 1.4779253229498852 4.0887890458107021 1.749159477651119 1.7101422622799876 1.9943367354571808 101.55602935701609 12.013206887990235 1.489777974784374 7.3416872620582572 20.561323165893555 6.3559373915195447 219.65347293019295 6.8829633891582489
leaf_count=446 27 27 72 32 31 35 1808 218 26 30 84 26 905 28
internal_value=-0.000276623 -0.0242544 -0.0214611 0.0177936 0.0480761 -0.023061 -0.0208459 -0.0360995 -0.00841844 0.0132157 0.0126483 0.0136194 0.0122439 -0.00763581
internal_weight=417.789 150.439 126.079 4.93723 3.4593 121.142 103.55 17.5918 5.57857 267.35 260.795 253.454 232.892 13.2389
internal_count=3795 2695 2249 90 63 2159 1843 316 98 1100 1073 1043 959 54
is_linear=0
shrinkage=0.05


Tree=36
num_leaves=15
num_cat=0
split_feature=2 4 1 1 1 0 2 3 3 3 0 0 0 2
split_gain=44.6186 1.32034 1.28849 3.92252 1.96083 7.57907 13.6147 2.15571 1.74119 3.88459 7.97621 3.25665 2.72633 2.7039
threshold=8.8740227931768683 1.5000000000000002 980.00545816154556 1094.53942742241 1583.1834954061414 1733.8900247666513 0.56208403685727448 0.95317221477708414 1.1058827465587684 1.1200620239147265 3604.0610058972129 8821.4840467380473 5370.5344936054762 -14.287837241564317
decision_type=2 2 2 2 2 2 2 2 2 2 2 2 2 2
left_child=1 2 -1 -4 -5 6 -6 -8 13 10 -10 12 -11 -7
right_child=-2 -3 3 4 5 8 7 -9 9 11 -12 -13 -14 -15
leaf_value=-0.053072097816795429 0.011350190812837514 -0.052911862730966167 0.048126479471182482 -0.041360894638723125 0.18158609604425788 0.021638654291486786 0.037501080151787117 -0.05316472592057217 -0.053233462208708671 -0.015967126347374815 0.12488070188886735 0.041571257886928219 -0.052954995148501161 -0.029494932673802762
leaf_weight=3.3773736730217925 274.09908142313361 3.6838074773550025 1.9757186211645592 12.90117474645376 1.2761942073702806 2.6813957802951327 1.1032897233963015 1.6156979165971277 1.1380840726196759 28.137582890689373 1.4039133340120313 2.1042832918465129 6.0538381338119498 72.170157447457314
leaf_count=62 1217 71 36 243 21 51 20 29 20 504 25 35 115 1334
internal_value=-0.000368999 -0.0233755 -0.022575 -0.021798 -0.022856 -0.0208274 0.0468603 -0.0163751 -0.023206 -0.0146157 0.0451368 -0.0188006 -0.0225161 -0.0276632
internal_weight=413.722 139.623 135.939 132.561 130.586 117.684 3.99518 2.71899 113.689 38.8377 2.542 36.2957 34.1914 74.8516
internal_count=3783 2566 2495 2433 2397 2154 70 49 2084 699 45 654 619 1385
is_linear=0
shrinkage=0.05


Tree=37
num_leaves=15
num_cat=0
split_feature=2 2 1 0 2 2 4 0 1 0 4 2 2 2
split_gain=42.9032 1.67859 2.18911 4.27231 1.57184 1.51426 3.37189 2.57579 2.08786 3.08202 2.82687 4.70755 3.10571 2.80901
threshold=8.8740227931768683 60.81472606714069 2908.1431348361007 1384.5898716152303 63.220471354911133 42.165331282586877 4.5000000000000009 2726.9120496248547 4067.9388138168138 3337.084512228781 1.5000000000000002 33.017022117153473 25.528171987915574 31.715727343513219
decision_type=2 2 2 2 2 2 2 2 2 2 2 2 2 2
left_child=-1 5 4 -4 -3 6 7 -2 -9 -10 13 12 -12 -11
right_child=1 2 3 -5 -6 -7 -8 8 9 10 11 -13 -14 -15
leaf_value=-0.02351767644942164 0.016151322428917748 0.061086076527825023 -0.025155281703876309 0.034347886653703891 0.022235831870892842 0.0049784871624078192 0.053699451164549938 -0.025606159732886453 0.029065661980359533 -0.005978516444950328 -0.024946839960794082 -0.051184513323052572 0.0314665975477861 0.038564774003940532
leaf_weight=137.17982198297977 94.917974252253771 4.9233180731534976 5.183300241827963 7.2166650742292404 5.5254820138216019 106.04953807592392 4.8768692463636389 6.0419397354125968 10.613196492195128 7.9497846737504023 4.6364343017339689 6.1148205399513236 5.1492049396038055 6.3798037320375443
leaf_count=2573 439 21 21 32 23 435 20 44 43 53 20 25 21 26
internal_value=-0.000669866 0.0107035 0.0236818 0.00947501 0.0405415 0.00953018 0.012821 0.0114152 0.00182693 0.00588511 -0.00225315 -0.0167681 0.00473792 0.013853
internal_weight=412.758 275.578 22.8488 12.4 10.4488 252.73 146.68 141.803 46.8852 40.8432 30.23 15.9005 9.78564 14.3296
internal_count=3796 1223 97 53 44 1126 691 671 232 188 145 66 41 79
is_linear=0
shrinkage=0.05


Tree=38
num_leaves=15
num_cat=0
split_feature=3 1 0 0 1 3 1 3 3 2 1 2 0 0
split_gain=37.4951 1.48907 3.36496 9.39923 2.52412 2.29759 1.8745 3.35132 8.23549 1.31394 3.27384 5.0637 2.31392 7.66764
threshold=1.2985165329227157 1612.5951676368707 1733.8900247666513 1695.5762550656614 1191.7249698440003 0.95317221477708414 980.00545816154556 1.0951234738905964 0.94946065324518003 4.5245187603295358 2463.3883607182329 8.8740227931768683 3953.0571471429303 4477.4260163506933
decision_type=2 2 2 2 2 2 2 2 2 2 2 2 2 2
left_child=1 4 3 5 6 -3 -1 8 -8 -4 11 -11 -12 -14
right_child=-2 2 9 -5 -6 -7 7 -9 -10 10 12 -13 13 -15
leaf_value=-0.039736988572833323 0.0107647553316506 0.034961179680880257 -0.023359957147683921 0.13575825598093924 -0.048609287793357298 -0.053214736878361583 -0.028644246930821488 -0.053124096885987383 0.12985337085745188 -0.0018671004684367644 -0.034866125789281131 0.11683216057535364 0.09549572438082532 -0.023700584993104245
leaf_weight=3.7907113842666167 268.86135858297348 1.1337149366736405 91.381256841123104 1.3182865381240843 11.795650228857992 2.1207323223352432 2.0477305762469773 1.588243346661329 1.3664715550839899 3.9025723151862648 10.933122809976341 1.1672158017754553 1.6827557273209075 6.8065625950694084
leaf_count=73 1107 20 1765 20 233 38 38 29 25 71 198 16 31 126
internal_value=-0.000187904 -0.0210674 -0.0189433 0.0231262 -0.0334938 -0.0224979 -0.0132171 0.00687888 0.0347915 -0.0206035 -0.0103191 0.025461 -0.0196587 -7.34497e-05
internal_weight=409.896 141.035 120.446 4.57273 20.5888 3.25445 8.79316 5.00245 3.4142 115.873 24.4922 5.06979 19.4224 8.48932
internal_count=3790 2683 2285 78 398 58 165 92 63 2207 442 87 355 157
is_linear=0
shrinkage=0.05


Tree=39
num_leaves=15
num_cat=0
split_feature=3 2 2 3 3 3 0 0 1 3 3 0 3 0
split_gain=32.2868 1.69192 4.73672 2.0521 3.08138 4.88062 11.5157 4.71888 3.65172 3.29021 9.24455 5.81669 2.71194 3.61523
threshold=1.6311393083898815 -7.2093931559097362 -6.9533794567071956 0.79473907465342231 0.96493241470986846 0.9126299501693208 2062.9186168841957 3953.0571471429303 4187.4116535758994 0.84041441217793678 0.83056013966333586 3222.7994940421804 1.2277667804582391 2963.5823885223213
decision_type=2 2 2 2 2 2 2 2 2 2 2 2 2 2
left_child=1 -1 -3 -4 5 8 -7 -8 9 10 11 -5 -6 -14
right_child=-2 2 3 4 12 6 7 -9 -10 -11 -12 -13 13 -15
leaf_value=-0.027558403562254405 0.010223545020614559 0.068240314151830225 -0.033742268907941721 -0.052967590521276642 -0.02690428617454942 0.14817908521031875 -0.05292889673708915 0.045490527066887831 -0.052870124109972862 -0.018016464157367455 0.15273918352608076 0.088598242340283517 -0.020399789011214784 0.028686370561671948
leaf_weight=43.525945883244276 259.77176615595818 1.6510361954569805 15.676729723811148 2.296952091157443 42.170082539319992 1.7369565553963173 2.3414491228759289 2.5381386615335941 4.2904848009347907 8.569757901132105 1.2142568491399286 1.0606657676398752 10.534310810267927 5.8254344612359992
leaf_count=865 1068 32 308 44 803 31 45 48 84 162 22 21 123 102
internal_value=-0.000289956 -0.0193311 -0.0157467 -0.017158 -0.0140096 0.00105827 0.0376196 -0.00173561 -0.012819 0.000256967 0.0345096 -0.00824718 -0.0202007 -0.00292102
internal_weight=403.204 143.432 99.9063 98.2552 82.5785 24.0487 6.61654 4.87959 17.4321 13.1416 4.57187 3.35762 58.5298 16.3597
internal_count=3758 2690 1825 1793 1485 457 124 93 333 249 87 65 1028 225
is_linear=0
shrinkage=0.05


Tree=40
num_leaves=15
num_cat=0
split_feature=2 0 2 0 0 0 4 0 2 2 2 2 3 0
split_gain=31.482 1.90405 5.04621 3.66637 7.51979 1.98963 2.40684 2.63738 2.63587 1.7728 3.00701 2.45806 4.08089 4.11271
threshold=8.8740227931768683 4601.3800272970921 -14.287837241564317 3953.0571471429303 4044.5277748007106 4333.7367230520695 1.0000000180025095e-35 4477.4260163506933 -4.5678100844492358 5.5557177776466302 3.5153301438309539 7.2291104519338569 0.90589185399714744 2216.8862849267757
decision_type=2 2 2 2 2 2 2 2 2 2 2 2 2 2
left_child=1 3 -3 9 -5 -6 7 8 -7 10 -1 12 -11 -14
right_child=-2 2 -4 4 5 6 -8 -9 -10 11 -12 -13 13 -15
leaf_value=-0.02049118969957649 0.0090055981317111056 0.067066445910633696 -0.035314328146729725 0.112561393823966 -0.026819914734984032 0.018273333434849871 -0.052835746853388169 -0.019389686418759901 0.12020793770887479 0.079868123210225739 -0.052786824839313018 -0.026959074913372356 0.043478539933629635 -0.052966258150728286
leaf_weight=64.822841104120016 268.91547929868102 1.2514450810849655 31.456274766474962 1.5105258412659157 5.7032822817563993 1.4066947624087331 1.0095213577151296 1.492371432483196 1.1548337265849116 1.8804863318800906 8.1091848388314229 5.7917145453393459 2.0706106275320053 2.3712427690625191
leaf_count=1290 1195 25 634 29 109 28 20 29 22 35 163 114 38 45
internal_value=-0.000761355 -0.0209603 -0.0313971 -0.0174527 0.00808937 -0.00656764 0.0162439 0.0334465 0.0642293 -0.02114 -0.0240821 -0.00342718 0.0181297 -0.00800763
internal_weight=398.947 130.031 32.7077 97.3233 12.2772 10.7667 5.06342 4.0539 2.56153 85.0461 72.932 12.1141 6.32234 4.44185
internal_count=3776 2581 659 1922 237 208 99 79 50 1685 1453 232 118 83
is_linear=0
shrinkage=0.05


Tree=41
num_leaves=15
num_cat=0
split_feature=2 3 3 2 4 0 0 3 0 3 2 3 3 2
split_gain=31.9988 2.34371 1.74827 2.51325 1.36487 1.35724 10.4924 5.69457 4.30411 5.88057 3.92952 3.05554 3.56862 4.75354
threshold=8.8740227931768683 0.71208040434574782 1.2985165329227157 20.99610971446252 1.5000000000000002 1246.4285349210588 1192.929297318514 3.3225442391474984 1628.7876380899652 1.8785491152338063 39.919838527084096 3.0672807613181825 2.8879082354279535 48.471433129041685
decision_type=2 2 2 2 2 2 2 2 2 2 2 2 2 2
left_child=4 -2 -3 -4 -1 6 7 10 9 -7 -5 12 13 -12
right_child=1 2 3 5 -6 8 -8 -9 -10 -11 11 -13 -14 -15
leaf_value=-0.020075788855011205 0.17413815147922052 -0.01430141921076601 0.043474637452508819 0.032585952244162983 -0.052493353253240338 -0.05243146100388725 0.072653708510305129 -0.043547555067318555 0.011187561513110497 0.00057114998807899868 -0.023981414205536553 0.034962916025356089 -0.037264653578964552 0.016227936733953546
leaf_weight=123.67444894835353 0.21584071218967338 7.6201263964176169 5.4877394288778296 18.347646221518517 3.3344496041536322 6.109148144721984 7.1100848764181128 4.8073204010725012 135.72405226528645 36.496715798974037 9.8742057979106885 7.5848846882581702 5.4513919204473487 28.755963996052742
leaf_count=2496 2 122 24 75 74 25 29 20 558 150 40 31 22 119
internal_value=-0.000186619 0.00944182 0.00931178 0.00998887 -0.0209269 0.0092828 0.0146098 0.00909401 0.00683539 -0.00702876 0.0127085 0.00564966 0.000605884 0.00595008
internal_weight=400.594 273.585 273.369 265.749 127.009 260.261 81.9315 74.8214 178.33 42.6059 70.0141 51.6664 44.0816 38.6302
internal_count=3787 1217 1215 1093 2570 1069 336 307 733 175 287 212 181 159
is_linear=0
shrinkage=0.05


Tree=42
num_leaves=15
num_cat=0
split_feature=2 3 3 3 2 2 0 1 2 3 1 1 3 0
split_gain=29.1219 2.39048 4.25945 2.2879 2.13625 4.48812 2.59589 2.04703 7.36608 1.66679 1.44436 3.84901 10.6633 3.57888
threshold=8.8740227931768683 0.83056013966333586 0.84289190735041053 0.83777902512386759 7.5864890408094121 7.0728076642030873 3389.229050971684 1094.53942742241 -1.9984786948725739 0.70416768272603603 1465.2685574767554 1709.988742994009 0.98651328013034434 1695.5762550656614
decision_type=2 2 2 2 2 2 2 2 2 2 2 2 2 2
left_child=1 9 3 -3 5 7 -7 8 -4 -1 -9 12 -12 -14
right_child=-2 2 4 -5 -6 6 -8 10 -10 -11 11 -13 13 -15
leaf_value=0.02024311173828193 0.0094147842588202715 0.0026951288733562235 -0.05274048165047282 0.08765880262472818 -0.053175655413586355 -0.0067752677862621125 0.097495471299572339 -0.044007406255692702 0.093010088298930246 -0.036345917348049768 0.1534976268702429 -0.021124223956205064 -0.052664719785630212 0.044238793236461127
leaf_weight=1.3739757984876657 267.79581181704998 1.7878879718482488 1.7555985450744631 1.4229391403496263 4.1750656627118579 1.083170156925916 1.3295987322926519 5.8180868923664084 1.7124354429543007 24.579318922013044 1.2083471417427052 74.275461737066507 2.5037049539387226 1.5381873510777948
leaf_count=30 1198 32 36 28 82 21 26 125 33 523 22 1525 53 28
internal_value=0.000124446 -0.0198486 -0.0162951 0.0403484 -0.0182015 -0.0166009 0.050685 -0.0184288 0.0192278 -0.0333501 -0.0199591 -0.0181997 0.023174 -0.015787
internal_weight=392.36 124.564 98.6105 3.21083 95.3997 91.2246 2.41277 88.8118 3.46803 25.9533 85.3438 79.5257 5.25024 4.04189
internal_count=3762 2564 2011 60 1951 1869 47 1822 69 553 1753 1628 103 81
is_linear=0
shrinkage=0.05


Tree=43
num_leaves=15
num_cat=0
split_feature=2 0 1 1 3 3 3 1 1 0 0 4 3 0
split_gain=25.2121 2.05634 2.62187 3.79221 2.03733 3.54885 3.52323 5.41246 5.06664 3.56888 3.92979 3.81129 3.37978 3.73157
threshold=6.8763115866045359 494.19601264266663 1063.6882428203248 1161.7118023079363 2.6794286055782108 2.754304912032802 2.3914672868189539 4650.0767955284555 4067.9388138168138 824.45556716067028 1032.0152030540592 1.5000000000000002 2.7963542428022348 862.03601294192526
decision_type=2 2 2 2 2 2 2 2 2 2 2 2 2 2
left_child=-1 -2 -3 -4 6 -6 7 8 9 11 -11 -5 -7 -14
right_child=1 2 3 4 5 12 -8 -9 -10 10 -12 -13 13 -15
leaf_value=-0.020891583188023713 0.033641656399734494 -0.022215436348642068 0.060313406048210783 0.0064761660139327788 0.040623843418341334 -0.024981993417063891 -0.01056530001470578 0.026067341006527731 -0.035983296235720545 0.03913105839603627 0.0043121044081446507 -0.054923137700641056 0.045169004033444392 0.0084518927616679361
leaf_weight=113.16284238174558 7.0742038041353217 7.8105648458003989 3.3156428858637801 5.2640921026468259 9.7383776307106 6.8181611746549597 37.12659826874733 28.570918578654528 8.3454834781587106 9.2511582821607572 65.328531458973885 4.8617519587278366 7.5525896847248069 82.594155296683311
leaf_count=2378 31 46 19 22 40 28 153 182 48 38 415 20 31 341
internal_value=-0.000937983 0.00702249 0.00634164 0.00717152 0.00650775 0.0118506 0.00291654 0.00703203 0.00118732 0.0048495 0.00863118 -0.0230037 0.00896086 0.0115281
internal_weight=396.815 283.652 276.578 268.767 265.452 106.703 158.749 121.622 93.051 84.7055 74.5797 10.1258 96.9649 90.1467
internal_count=3792 1414 1383 1337 1318 440 878 725 543 495 453 42 400 372
is_linear=0
shrinkage=0.05


Tree=44
num_leaves=15
num_cat=0
split_feature=2 4 3 2 0 0 1 3 3 3 2 2 2 3
split_gain=22.4042 1.54316 1.3453 2.72396 9.3047 3.15382 6.81667 3.61558 4.23033 4.84724 3.77911 4.01853 3.32563 2.71616
threshold=8.8740227931768683 1.5000000000000002 1.0871667605412905 -14.287837241564317 4213.0504985867756 2789.6344565012346 2744.5790322552302 0.83777902512386759 0.95317221477708414 0.92242198397455044 5.7689256813377714 -4.0882064158479077 -6.9533794567071956 1.0951234738905964
decision_type=2 2 2 2 2 2 2 2 2 2 2 2 2 2
left_child=1 2 3 4 -1 6 7 -5 9 10 11 12 -9 -4
right_child=-2 -3 13 5 -6 -7 -8 8 -10 -11 -12 -13 -14 -15
leaf_value=-0.052538216238791971 0.007966286897794812 -0.052299567671634906 0.060552951498007851 -0.03896061460338187 0.14813609220525867 -0.03227978170191536 0.10072790410497307 -0.0068371871114136498 -0.024834420151806324 0.087257474126744602 0.089416278553069842 -0.052760866593787918 0.105245766462567 -0.012173490817015261
leaf_weight=1.3762868680059903 273.50111449509859 3.1725206747651091 1.3244254030287255 11.030262757092716 0.9954371154308318 39.451337642967701 1.3044683709740628 2.1818543672561646 10.760329667478798 2.1365847289562225 1.0517769344151018 3.1596316136419791 0.94996042549610171 41.895403981208801
leaf_count=30 1214 76 28 242 20 858 28 46 225 41 19 65 20 876
internal_value=4.56084e-05 -0.0178889 -0.0169607 -0.0210365 0.0316869 -0.0227726 -0.0112584 -0.01593 -0.00337897 0.0209746 0.00168899 -0.0129769 0.0271605 -0.00994487
internal_weight=394.291 120.79 117.618 74.3979 2.37172 72.0262 32.5749 31.2704 20.2401 9.47981 7.34322 6.29145 3.13181 43.2198
internal_count=3788 2574 2498 1594 50 1544 686 658 416 191 150 131 66 904
is_linear=0
shrinkage=0.05


Tree=45
num_leaves=15
num_cat=0
split_feature=2 1 1 0 2 3 2 2 0 2 0 0 2 2
split_gain=19.1239 1.95458 2.93734 5.34895 2.28772 2.61195 2.1058 2.33887 2.83773 2.20876 1.93863 4.10692 1.80359 3.44038
threshold=6.1571050326432433 4568.4501528388346 3901.6791415299431 4044.5277748007106 -10.085069089677479 0.96493241470986846 2.6904856429137758 1.2317017659659808 1467.0883951717376 5.7689256813377714 2044.8879856436008 3009.9080239108471 -13.863949743141333 -13.292393113422007
decision_type=2 2 2 2 2 2 2 2 2 2 2 2 2 2
left_child=1 2 6 -4 5 -5 7 12 -9 -8 -10 -12 -1 -14
right_child=-2 -3 3 4 -6 -7 9 8 10 -11 11 -13 13 -15
leaf_value=-0.052452054762202951 0.0057634166401360609 -0.031680110744422139 0.1070692634989793 -0.0099249832320796455 -0.019639593735042468 0.10068973306188803 -0.047346501423901781 0.090956748424888947 -0.052698980450583244 0.020712195434659169 0.073685403387293277 -0.052502669607051522 0.065356366338451335 -0.017858209179891667
leaf_weight=3.5907665491104046 290.82875674590468 24.017753560096025 1.2505318373441685 1.1739952228963368 6.0669381842017165 0.97847645357251156 9.6900111027061921 1.0420764796435822 1.269346032291651 1.3593606576323498 1.5849080979824068 1.0870308652520178 1.2735313326120294 50.287950515747085
leaf_count=81 1502 536 25 26 130 21 216 21 27 27 35 24 29 1087
internal_value=-0.000832608 -0.0191594 -0.0154309 0.0107299 -0.00392748 0.0403586 -0.0189112 -0.0152249 0.0175791 -0.0389735 -0.00182191 0.022348 -0.018189 -0.0158029
internal_weight=395.501 104.673 80.6549 9.46994 8.21941 2.15247 71.185 60.1356 4.98336 11.0494 3.94128 2.67194 55.1522 51.5615
internal_count=3787 2285 1749 202 177 47 1547 1304 107 243 86 59 1197 1116
is_linear=0
shrinkage=0.05


Tree=46
num_leaves=15
num_cat=0
split_feature=2 0 0 2 0 0 3 3 1 1 1 0 2 3
split_gain=19.803 1.95566 3.19991 2.48682 2.24109 2.16149 1.55147 1.52711 1.42349 2.84043 1.74243 4.37471 8.58973 1.89761
threshold=9.6255621528910229 3360.2909395761721 3177.7633381041956 53.205054381458048 3977.5476811823196 4601.3800272970921 1.0221479843384593 1.6114087386229139 980.00545816154556 1094.53942742241 1612.5951676368707 1733.8900247666513 1.3598079142576454 0.96493241470986846
decision_type=2 2 2 2 2 2 2 2 2 2 2 2 2 2
left_child=8 2 6 4 -3 -6 -2 -8 -1 -10 -11 12 -12 -14
right_child=1 3 -4 -5 5 -7 7 -9 9 10 11 -13 13 -15
leaf_value=-0.052605683435202534 0.061241323462392618 -0.027096796992890311 0.046256074100372795 0.027970262907708113 0.018858152880512916 -0.012245908154877029 -0.034720579422099558 0.0067643850310636555 0.03909556685979855 -0.036407253730341302 0.14184364767612043 -0.018625117584729855 0.031993155162336188 -0.052830416979436204
leaf_weight=2.9864012338221064 1.2944055721163739 11.622524384409187 5.2241181284189215 5.1827076971530905 9.0813794881105441 14.509452629834412 2.2413073666393748 216.54469645023346 2.1648240312933913 12.42890555411577 1.2744275294244283 101.38157603144646 1.1695522852241995 1.511432312428951
leaf_count=65 19 49 24 22 39 64 19 894 39 282 19 2207 20 31
internal_value=-0.00191288 0.00576399 0.00758036 -0.00436664 -0.00912599 -0.000272283 0.00666231 0.0063394 -0.0185074 -0.0176583 -0.0187016 -0.0166125 0.0349742 -0.015827
internal_weight=388.618 265.701 225.305 40.3961 35.2134 23.5908 220.08 218.786 122.917 119.931 117.766 105.337 3.95541 2.68098
internal_count=3793 1130 956 174 152 103 932 913 2663 2598 2559 2277 70 51
is_linear=0
shrinkage=0.05


Tree=47
num_leaves=15
num_cat=0
split_feature=2 0 0 0 0 3 1 1 1 4 3 1 1 3
split_gain=14.7906 2.20537 5.23851 3.52473 2.93534 3.28074 2.98684 3.80645 3.6037 2.38531 3.99755 3.08204 4.06523 3.6003
threshold=5.5557177776466302 2248.5690715444989 1876.4252379545817 1924.7510406873146 2336.249856938166 1.2902128925881271 3981.3792017183328 3357.1802750226448 4365.3968539709103 1.5000000000000002 2.3479966698648216 2583.1642223711642 2002.0810635917364 2.2229615107953373
decision_type=2 2 2 2 2 2 2 2 2 2 2 2 2 2
left_child=-1 2 9 -4 -3 -6 7 -7 -8 10 11 12 13 -2
right_child=1 4 3 -5 5 6 8 -9 -10 -11 -12 -13 -14 -15
leaf_value=-0.017692461983875789 -0.0033115910029144317 -0.033013575618548278 0.075706368626320408 0.021896902061629361 -0.021099473037479468 -0.014518384396221412 -0.033164169901899222 0.038854485514884414 0.0042292661335507553 0.011028648849146776 -0.012066323179870019 -0.012853629248770827 0.046706891890569341 0.055524969721693275
leaf_weight=97.662636261433363 16.411613348871477 6.6747187711298457 3.5770738199353245 20.395813975483179 14.117766831070183 4.6340556815266636 7.1913968175649634 11.96781390532851 61.924186918884516 78.867751058191061 41.247288197278976 10.524053305387495 8.9534463807940465 3.0895309150218955
leaf_count=2212 156 34 19 117 277 20 29 50 256 326 170 44 40 13
internal_value=-0.000866074 0.0048088 0.00813708 0.029926 -0.000911768 0.00123447 0.0049129 0.0239566 0.000338522 0.00485384 -0.00121644 0.0102649 0.0188154 0.00600978
internal_weight=387.239 289.577 183.067 23.9729 106.51 99.8352 85.7175 16.6019 69.1156 159.094 80.2259 38.9786 28.4546 19.5011
internal_count=3763 1551 885 136 666 632 355 70 285 749 423 253 209 169
is_linear=0
shrinkage=0.05


Tree=48
num_leaves=15
num_cat=0
split_feature=3 4 2 4 0 0 3 0 0 1 2 2 2 2
split_gain=17.6107 2.34425 2.81951 1.48634 1.4222 3.5537 5.22567 2.99557 2.74349 3.1955 3.99453 2.11028 1.8048 4.70511
threshold=1.6311393083898815 2.5000000000000004 24.080981267234623 1.5000000000000002 1628.7876380899652 1733.8900247666513 1.1058827465587684 1695.5762550656614 1119.7853850718702 980.00545816154556 2.6904856429137758 4.5245187603295358 1.9304476135070607 1.5439924301830632
decision_type=2 2 2 2 2 2 2 2 2 2 2 2 2 2
left_child=1 2 3 4 8 6 7 -6 9 -1 -11 12 13 -7
right_child=-2 -3 -4 -5 5 11 -8 -9 -10 10 -12 -13 -14 -15
leaf_value=-0.035920465596253282 0.0071296651785023452 -0.067746788632027183 0.033452130286928082 -0.052211199180245693 0.018629049186927996 -0.018146019247257471 -0.053220966079942124 0.12195588962584725 -0.043247931536756622 0.10309894611971877 -0.018403142795004355 -0.0015338114580330431 -0.040543293443681884 0.066615602129898102
leaf_weight=3.0251124054193523 257.31411749124527 2.1189812533557406 2.9664607644081107 2.7519714534282675 1.390413869172334 65.595557350665331 1.2192996032536028 1.4155885092914102 10.95892136916518 1.2782594226300719 1.4368126615881918 23.210701633244753 8.4523992389440519 1.6791473701596249
leaf_count=70 1063 12 12 70 26 1506 23 20 261 23 26 454 197 38
internal_value=-0.000399646 -0.015595 -0.0147136 -0.0158808 -0.0150453 -0.01285 0.0332023 0.070756 -0.0285805 -0.00057805 0.0388002 -0.0147237 -0.0187665 -0.0160304
internal_weight=384.814 127.5 125.381 122.414 119.662 102.963 4.0253 2.806 16.6991 5.74018 2.71507 98.9378 75.7271 67.2747
internal_count=3801 2738 2726 2714 2644 2264 69 46 380 119 49 2195 1741 1544
is_linear=0
shrinkage=0.05


Tree=49
num_leaves=15
num_cat=0
split_feature=3 3 3 2 3 4 2 0 3 3 3 0 3 1
split_gain=12.9988 2.12454 3.38523 3.1282 2.2562 1.96754 2.18475 2.57145 1.98413 2.05887 2.85086 4.46471 2.68273 5.32691
threshold=1.2459226467201729 0.76672351632443836 0.78177205114512283 3.5153301438309539 0.77562769532634002 4.5000000000000009 49.096001076052893 542.1231849494053 3.4323830929359631 2.2591735462362763 2.6794286055782108 1289.3576525689534 3.0088917046801087 5370.6557193899343
decision_type=2 2 2 2 2 2 2 2 2 2 2 2 2 2
left_child=1 -1 3 4 -3 6 7 -2 9 -9 11 -11 -12 -14
right_child=5 2 -4 -5 -6 -7 -8 8 -10 10 12 -13 13 -15
leaf_value=-0.033736450902076366 -0.038680039353477538 -0.052149525333858894 -0.014003949000139029 0.12204513643426894 0.061770929087066252 0.026038086037941145 0.011269925001031024 0.0081969718240626748 0.037136788837642869 0.025056835826036364 0.01612008208454065 -0.022130893251927214 0.0041370407821690368 -0.041587953598116595
leaf_weight=13.330072004348038 3.9028429090976706 0.86114143952727251 92.049712594598532 0.85747011750936497 0.87750833481550217 11.123453393578528 83.084716141223907 69.228191021829844 4.0063922256231299 6.014865204691886 24.98954963684082 30.087043061852455 33.083184406161308 7.8882774710655204
leaf_count=317 16 22 2062 18 22 46 348 473 17 25 102 123 136 33
internal_value=-0.000359331 -0.015048 -0.0124159 0.0438911 0.0053469 0.0054416 0.0045681 0.00146086 0.00235456 0.00154103 -0.00297363 -0.014269 0.0032086 -0.00466644
internal_weight=381.384 107.976 94.6458 2.59612 1.73865 273.409 262.285 179.2 175.298 171.291 102.063 36.1019 65.961 40.9715
internal_count=3760 2441 2124 62 44 1319 1273 925 909 892 419 148 271 169
is_linear=0
shrinkage=0.05


Tree=50
num_leaves=15
num_cat=0
split_feature=3 0 1 3 2 2 2 4 1 0 0 0 2 0
split_gain=12.5166 7.72473 2.81968 2.26705 3.07466 2.85293 2.70371 2.63775 1.99503 1.80334 5.56373 2.56269 3.68827 2.08282
threshold=1.7061709362012061 494.19601264266663 980.00545816154556 1.6885516748060674 57.585265396960502 55.384843526329199 47.954091854746515 1.5000000000000002 1005.9685708982199 8821.4840467380473 11501.140571982167 6269.991466153534 -13.292393113422007 9653.2570561985358
decision_type=2 2 2 2 2 2 2 2 2 2 2 2 2 2
left_child=1 -1 -3 4 5 6 7 8 -4 11 13 -10 -13 -11
right_child=-2 2 3 -5 -6 -7 -8 -9 9 10 -12 12 -14 -15
leaf_value=0.099787317859643815 0.0067270248100839633 -0.058144752022652027 0.066147168515184582 -0.057721987852740221 0.055286975395019713 -0.088460778933293849 0.040455792393719534 -0.044410723786312535 -0.010593895010426055 0.10859582676362867 -0.052311388731995145 0.052567336649370106 -0.052200950860017505 0.025423941240900191
leaf_weight=1.5216049775481213 248.79432678222656 3.4470642171800128 0.83496781066059966 2.6924731880426398 1.7073643654584874 1.2166024595499028 2.4525811374187461 6.1729284711182109 100.90528442338109 1.2375286519527429 1.7908412292599676 0.95225196704268444 7.1291773095726949 1.9214657023549078
leaf_count=9 1028 74 14 11 7 5 10 88 2237 24 43 22 179 41
internal_value=9.198e-05 -0.0122288 -0.0135155 -0.0123231 -0.0113554 -0.0122685 -0.0115173 -0.0125713 -0.0108588 -0.0114231 0.0180936 -0.0127637 -0.0398559 0.0580063
internal_weight=382.776 133.982 132.461 129.013 126.321 124.614 123.397 120.944 114.772 113.937 4.94984 108.987 8.08143 3.15899
internal_count=3792 2764 2755 2681 2670 2663 2658 2648 2560 2546 108 2438 201 65
is_linear=0
shrinkage=0.05


Tree=51
num_leaves=15
num_cat=0
split_feature=3 0 0 0 3 1 0 2 0 0 0 3 2 2
split_gain=10.538 2.44327 2.40208 5.16489 3.72203 4.22277 2.1711 7.71014 4.22183 6.90652 3.47431 2.32657 3.24541 2.00435
threshold=1.2902128925881271 494.19601264266663 8821.4840467380473 11501.140571982167 1.1419842253541053 9877.902783528556 4477.4260163506933 -14.02080372526755 3953.0571471429303 4044.5277748007106 4361.9237840195683 1.2320347922994264 1.1320637187177056 -4.5678100844492358
decision_type=2 2 2 2 2 2 2 2 2 2 2 2 2 2
left_child=2 -2 6 4 5 -4 8 -8 -1 -10 -11 -9 -13 -12
right_child=1 -3 3 -5 -6 -7 7 11 9 10 13 12 -14 -15
leaf_value=-0.015813168693928632 0.034540776354841617 0.003204760053052068 -0.052534851624213223 -0.052184706680954922 0.13337704212829149 0.089410385013423188 0.080633448005199004 -0.042141508252790977 0.12093724271640799 -0.022525543128720769 -0.0031777154991688714 0.063867092032924774 -0.052646009300050839 0.088898362648936413
leaf_weight=76.280398208647966 6.3720384389162055 261.52494544163346 1.0422189719974992 1.6195897720754144 1.0717216730117796 1.0536710098385809 1.4992953054606939 19.835917316377166 1.4377055317163447 5.0173801966011524 1.0170219168066981 1.2913600876927369 1.1126011312007902 1.4111140668392179
leaf_count=1753 27 1118 23 41 19 21 31 495 28 116 24 31 24 29
internal_value=-0.0014628 0.0039501 -0.0142177 0.0204465 0.0575826 0.0188256 -0.0157415 -0.0291131 -0.0120141 0.0206082 0.00123493 -0.0365116 0.00994251 0.0503324
internal_weight=381.587 267.897 113.69 4.7872 3.16761 2.09589 108.903 23.7392 85.1636 8.88322 7.44552 22.2399 2.40396 2.42814
internal_count=3780 1145 2635 104 63 44 2531 581 1950 197 169 550 55 53
is_linear=0
shrinkage=0.05


Tree=52
num_leaves=15
num_cat=0
split_feature=2 2 0 2 3 1 3 2 2 1 0 3 3 0
split_gain=12.3461 1.38329 2.15942 6.33287 1.33333 3.45883 3.24621 5.10157 8.41192 3.7516 7.35609 5.63424 8.7848 2.07376
threshold=5.5557177776466302 2.6904856429137758 3953.0571471429303 4.5245187603295358 1.1293051879077318 1695.0974062124749 1.1607571634777303 -7.0594889382229029 -10.219011017183124 3095.373406519097 2963.5823885223213 1.2109090111016909 1.1897267675464276 1119.7853850718702
decision_type=2 2 2 2 2 2 2 2 2 2 2 2 2 2
left_child=1 4 -3 -4 13 -6 7 8 -7 10 11 12 -8 -1
right_child=-2 2 3 -5 5 6 9 -9 -10 -11 -12 -13 -14 -15
leaf_value=0.026871671950503408 0.0052643220116424102 -0.04609192811077796 -0.052205168581394373 0.078504647994992613 -0.052312230728298062 -0.00071760824194902137 -0.052291059678593002 -0.0077841236509435981 0.20803167764622166 -0.026187899330049537 0.14794430082295884 -0.038697583571290106 0.1524653019664825 -0.019672137467792603
leaf_weight=2.5049203373491755 287.15927296876907 8.2138703130185586 2.3585514314472671 1.5263768285512922 3.1293699424713877 0.97083708643913269 0.91846013814211191 2.2463517673313644 0.95961835607886292 9.4797740150243026 0.99831577017903317 3.4706116579473019 1.2192044295370577 53.649165999144316
leaf_count=54 1548 209 60 35 78 24 22 54 22 217 23 75 27 1320
internal_value=0.00016489 -0.0158135 -0.0315646 -0.000849668 -0.0134178 -0.00338831 0.00416732 0.0434419 0.10305 -0.00603029 0.0228938 0.000633855 0.0644905 -0.0175959
internal_weight=378.805 91.6454 12.0988 3.88493 79.5466 23.3925 20.2632 4.17681 1.93046 16.0864 6.60659 5.60828 2.13766 56.1541
internal_count=3768 2220 304 95 1916 542 464 100 46 364 147 124 49 1374
is_linear=0
shrinkage=0.05


Tree=53
num_leaves=15
num_cat=0
split_feature=2 3 2 2 4 3 3 0 3 3 1 3 3 0
split_gain=13.4689 1.86122 1.71679 6.02821 1.60863 2.4211 8.87151 3.67673 2.97502 4.65827 3.66963 2.32945 4.07886 1.97994
threshold=5.5557177776466302 0.76672351632443836 -0.75111815247775893 -1.1008362239985425 1.0000000180025095e-35 1.1527663163195936 1.1678454592318757 10165.412283023046 1.2109090111016909 1.1842134436306802 3302.9925551367701 0.968445251814953 0.94946065324518003 2532.666481578492
decision_type=2 2 2 2 2 2 2 2 2 2 2 2 2 2
left_child=2 -2 3 4 5 7 -7 11 9 -8 -11 12 13 -1
right_child=1 -3 -4 -5 -6 6 8 -9 -10 10 -12 -13 -14 -15
leaf_value=0.0057935894907138437 -0.035206646517950711 0.0055795778051764729 -0.027197881980547536 0.090402164933491791 -0.029937998681282066 0.15403313810774555 -0.052425498118635977 0.067431772678964511 -0.020627285902490536 0.12592108394187537 -0.00067140021895531509 -0.035152058187463586 0.065161153247368458 -0.027715656945319224
leaf_weight=6.8800410702824655 2.8249299153685561 284.11896110698581 27.86285905726254 1.3969679288566101 13.443637523800133 0.96902289614081283 1.0490177571773514 1.2504133284091938 7.8289180435240269 1.399545915424824 0.96868807449936856 14.561590544879435 1.6988856196403492 12.269751295447348
leaf_count=170 59 1492 693 31 341 23 25 29 181 30 24 353 39 313
internal_value=-0.000150284 0.00517804 -0.0168454 -0.0123184 -0.014621 -0.0104079 0.00887084 -0.0168315 -0.00363703 0.0352876 0.0741405 -0.019807 -0.00908944 -0.0156766
internal_weight=378.523 286.944 91.5793 63.7165 62.3195 48.8759 12.2152 36.6607 11.2462 3.41725 2.36823 35.4103 20.8487 19.1498
internal_count=3803 1551 2252 1559 1528 1187 283 904 260 79 54 875 522 483
is_linear=0
shrinkage=0.05


Tree=54
num_leaves=15
num_cat=0
split_feature=2 0 2 0 0 0 3 3 1 3 2 2 3 2
split_gain=11.2391 2.25148 4.7761 4.47827 4.22375 2.9872 2.24347 4.47494 2.2204 2.01403 3.14474 1.64906 1.541 2.7754
threshold=8.8740227931768683 4477.4260163506933 -14.287837241564317 3953.0571471429303 4044.5277748007106 4333.7367230520695 1.2634614086576852 1.2821768089486569 3694.3724486297538 1.1058827465587684 -4.5678100844492358 -13.863949743141333 0.8032008735235926 -13.431563636549967
decision_type=2 2 2 2 2 2 2 2 2 2 2 2 2 2
left_child=1 3 -3 8 -5 -6 -4 -8 11 10 -7 -1 -13 -14
right_child=-2 2 6 4 5 9 7 -9 -10 -11 -12 12 13 -15
leaf_value=-0.051998378389814526 0.0058943623521605787 0.071257687467588246 -0.035014696959199197 0.095279861367581556 -0.018608871208718503 -0.052146590429800868 0.093583444619425152 -0.053008158788510763 -0.052589780359748109 0.10642870830367113 0.07128163952903023 -0.027668276604056893 0.093471111775557961 -0.0077876096429684424
leaf_weight=2.4144007042050353 266.60610966384411 1.2059421278536344 23.347818618640307 1.6826162599027137 4.431412048637867 0.90141788870096262 1.0251826234161847 1.0577500648796556 3.4496994949877253 0.94274805486202229 1.2071213759481907 10.234199270606039 0.68552668765186453 52.59568818286062
leaf_count=66 1196 22 609 30 108 23 22 23 80 20 24 272 16 1247
internal_value=0.000433975 -0.0134066 -0.0259684 -0.00914654 0.0237014 0.00760576 -0.030579 0.0191416 -0.0134859 0.0456775 0.0185151 -0.0114398 -0.00989808 -0.00648479
internal_weight=371.788 105.182 26.6367 78.5448 9.16532 7.4827 25.4308 2.08293 69.3795 3.05129 2.10854 65.9298 63.5154 53.2812
internal_count=3758 2562 676 1886 205 175 654 45 1681 67 47 1601 1535 1263
is_linear=0
shrinkage=0.05


Tree=55
num_leaves=15
num_cat=0
split_feature=2 3 3 3 3 3 3 3 2 1 2 1 0 0
split_gain=10.052 1.88959 2.14655 1.41242 12.2737 2.60477 1.65983 2.77957 2.40735 2.01859 3.59753 3.60978 1.58934 2.6115
threshold=5.3041840436936001 0.7415846360805175 0.74969811613941972 0.94946065324518003 0.9606301123869464 0.87295013376890529 0.83056013966333586 0.84289190735041053 -11.641806537441498 3230.2559191590794 -7.2093931559097362 4297.5681969705465 8821.4840467380473 5971.9380329412897
decision_type=2 2 2 2 2 2 2 2 2 2 2 2 2 2
left_child=1 -1 -3 5 -5 6 9 -8 -9 -4 -11 -12 13 -6
right_child=-2 2 3 4 12 -7 7 8 -10 10 11 -13 -14 -15
leaf_value=-0.043153933165958558 0.0040992413041987504 0.065717861008987175 -0.043376242594967446 0.1223394379811435 -0.012121312168699999 -0.042803135906475359 0.051242567565569844 0.054168718219083194 -0.036689336078552334 -0.052065431998973705 0.095442057448774695 -0.017832927936766729 0.024305555602961527 -0.05197560996202847
leaf_weight=5.702286295592784 287.11386936344206 0.8488526027649631 5.7948362324386888 1.7107644043862809 43.481372635811567 10.609122555702923 2.40529004856944 0.94095299392938603 3.2371804900467396 1.9254554230719803 1.3541412316262724 1.4633727073669431 2.5921384003013364 4.5394871998578301
leaf_count=163 1580 23 159 37 1067 268 52 25 84 52 34 41 55 128
internal_value=-0.000404451 -0.0153351 -0.0133743 -0.014213 -0.00937808 -0.0233359 -0.0112731 0.00842319 -0.0162273 -0.0235782 0.000610617 0.0366088 -0.0138303 -0.0158888
internal_weight=373.719 86.6053 80.903 80.0541 52.3238 27.7304 17.1212 6.58342 4.17813 10.5378 4.74297 2.81751 50.613 48.0209
internal_count=3768 2188 2025 2002 1287 715 447 161 109 286 127 75 1250 1195
is_linear=0
shrinkage=0.05


Tree=56
num_leaves=15
num_cat=0
split_feature=2 1 1 2 3 3 1 2 2 0 0 3 1 3
split_gain=11.4987 1.4151 3.83583 3.31985 2.62459 3.41571 2.33394 1.99934 2.2457 1.62198 4.17425 5.1988 3.42697 3.95503
threshold=8.8740227931768683 4155.4139462822632 4099.0233723609126 -14.287837241564317 1.0909923211107653 1.1159797966884273 9022.964971232328 -13.863949743141333 -13.292393113422007 1628.7876380899652 1733.8900247666513 0.96493241470986846 1094.53942742241 0.94946065324518003
decision_type=2 2 2 2 2 2 2 2 2 2 2 2 2 2
left_child=1 2 7 -3 -5 -6 -7 -1 -9 12 11 -11 13 -10
right_child=-2 3 -4 4 5 6 -8 8 9 10 -12 -13 -14 -15
leaf_value=-0.051935131773744585 0.0047929177844860393 0.049673694010487907 0.08049189580020133 -0.04024673037575803 0.069400122096065719 -0.029267544413984173 0.034724530494895781 0.050829797981238524 -0.052745640486396343 0.11627460195289041 -0.011957388062151873 -0.0061615893958009097 -0.046139286626041075 0.049793141324230433
leaf_weight=3.0702240336686364 274.56848274171352 1.4578946530818964 1.1274064444005478 16.901396054774526 1.2307828217744816 8.6376018337905389 1.7063656467944373 1.4517082627862681 1.5338837075978511 1.4644657224416726 52.055215165019035 2.125179897993803 8.5337014067918044 2.430515356361866
leaf_count=87 1229 26 26 460 29 217 33 33 34 23 1291 42 238 51
internal_value=-0.000565037 -0.0147478 -0.0110282 -0.0239172 -0.0276849 -0.00934207 -0.0187113 -0.0124481 -0.0107061 -0.0120171 -0.00836122 0.0437886 -0.028294 0.0101194
internal_weight=378.295 103.726 73.7923 29.934 28.4761 11.5748 10.344 72.6649 69.5947 68.143 55.6449 3.58965 12.4981 3.9644
internal_count=3819 2590 1825 765 739 279 250 1799 1712 1679 1356 65 323 85
is_linear=0
shrinkage=0.05


Tree=57
num_leaves=15
num_cat=0
split_feature=2 0 1 3 3 1 4 0 2 0 1 3 2 3
split_gain=8.13219 2.04395 2.70307 3.27401 2.61266 1.9696 2.16114 1.68778 2.65906 3.66992 2.80938 2.64098 5.4433 2.85628
threshold=5.5557177776466302 494.19601264266663 1777.3047612564642 1.6114087386229139 1.9025582588145462 1522.8477667272277 1.5000000000000002 2726.9120496248547 8.2785197872367977 1893.4335220017338 4820.882026878824 3.1251119590835894 35.657274754582211 3.3225442391474984
decision_type=2 2 2 2 2 2 2 2 2 2 2 2 2 2
left_child=-1 -2 3 -3 -5 -6 -7 8 9 -4 11 -10 -13 -14
right_child=1 2 7 4 5 6 -8 -9 10 -11 -12 12 13 -15
leaf_value=-0.014098745851516046 0.03150473995036903 -0.052715875259840242 0.12499222300854443 0.025880339443340235 -0.00017257123219960421 -0.00039372533309835531 -0.041666150562609333 -0.001196187798247136 0.002335687884693132 0.018044813085294552 0.036898769152031836 0.05361466956688641 0.021051890367223176 -0.020163387915526285
leaf_weight=85.204414274543524 6.3713206797838202 3.8244495578110209 1.1207138858735555 6.0842356085777274 20.958713069558144 5.3496987372636777 7.7909757047891617 75.030298637226224 123.20012176781893 2.8219925165176392 7.4178970903158179 8.1850157678127307 10.257903426885607 7.1222950667142859
leaf_count=2217 28 82 20 25 87 22 32 496 553 57 34 35 42 30
internal_value=-0.000542543 0.00350266 0.00286357 -0.00850958 -0.00430228 -0.00968766 -0.0248637 0.00499198 0.00789158 0.0484446 0.00686786 0.00537042 0.019995 0.00416213
internal_weight=370.74 285.536 279.164 44.0081 40.1836 34.0994 13.1407 235.156 160.126 3.94271 156.183 148.765 25.5652 17.3802
internal_count=3760 1543 1515 248 166 141 54 1267 771 77 694 660 107 72
is_linear=0
shrinkage=0.05


Tree=58
num_leaves=15
num_cat=0
split_feature=2 3 3 3 4 0 0 3 3 3 2 0 2 0
split_gain=6.17268 2.12039 2.95523 1.91525 1.79665 1.71939 2.47576 1.68899 1.79037 8.99136 3.93486 3.71657 4.64987 5.49848
threshold=8.8740227931768683 0.77562769532634002 0.78177205114512283 0.71208040434574782 4.5000000000000009 494.19601264266663 542.1231849494053 0.79473907465342231 0.968445251814953 0.94946065324518003 2.0498839334773646 4477.4260163506933 -6.0664141400074785 3953.0571471429303
decision_type=2 2 2 2 2 2 2 2 2 2 2 2 2 2
left_child=1 -1 -3 -2 5 -5 -7 -4 9 11 -11 12 -9 -14
right_child=3 2 7 4 -6 6 -8 8 -10 10 -12 -13 13 -15
leaf_value=-0.030139651842271794 0.14398772138556373 0.069660493993971659 -0.052041576492895703 0.029407327612017243 0.024678028853449344 -0.038013307208424607 0.0035974921881200723 -0.029979970568980552 -0.012325099676611469 0.11435731485500661 -0.003427984826657664 -0.043073056773698597 0.011065183923722917 0.12803610209723143
leaf_weight=11.478435920551417 0.24614811688661475 1.2300041373819102 2.1607055682688943 6.320799231529235 10.558819144964216 3.6257774680852881 253.65523492917418 6.7762379515916171 57.47635100223124 2.3867069538682695 1.008757274597883 5.6383677572011939 11.003526715561749 1.1056271083652962
leaf_count=335 2 31 60 28 44 15 1138 179 1442 49 22 163 262 24
internal_value=0.000699938 -0.00991714 -0.00730274 0.00457928 0.00445412 0.00364403 0.00301108 -0.00838393 -0.00727929 0.00310834 0.0793645 -0.00744979 0.00318579 0.0217452
internal_weight=374.671 100.265 88.7863 274.407 274.161 263.602 257.281 87.5563 85.3956 27.9192 3.39546 24.5238 18.8854 12.1092
internal_count=3794 2567 2232 1227 1225 1181 1153 2201 2141 699 71 628 465 286
is_linear=0
shrinkage=0.05


Tree=59
num_leaves=15
num_cat=0
split_feature=2 1 3 1 3 3 3 1 1 2 0 4 3 0
split_gain=8.94272 4.19418 3.05391 2.73578 2.56525 6.69481 3.01236 2.42386 2.87783 3.09778 6.90903 2.38051 3.55171 3.17439
threshold=20.224648078992633 1612.5951676368707 1.9267500631205097 1777.3047612564642 2.2024034481176287 2.4928107815152001 2.827293522328834 1612.5951676368707 1094.53942742241 -1.9984786948725739 961.47442835453342 1.0000000180025095e-35 1.2491301578619345 8821.4840467380473
decision_type=2 2 2 2 2 2 2 2 2 2 2 2 2 2
left_child=7 2 -2 -3 -4 -6 -7 8 9 -1 -11 13 -13 -9
right_child=1 3 4 -5 5 6 -8 11 -10 10 -12 12 -14 -15
leaf_value=-0.05219380605172274 0.050385813852087846 -0.026421601349189635 -0.016196418127901745 0.0024405209622952746 0.072646665993963855 -0.02311759106947657 0.019911672638160838 -0.008387045078867332 -0.047045082425758486 -0.025913955057633765 0.13342539174804458 -0.03312600645542562 0.026855905228569062 0.038368203057563645
leaf_weight=1.7612590063363311 6.5914453268051139 8.5390362292528135 6.0825350582599667 213.32921403646469 4.8508135080337551 5.8217483609914806 13.497747749090193 67.966752151027322 10.107288813218473 1.8844450637698167 1.0646861493587492 18.220819171518091 2.8546033389866343 3.8351157344877711
leaf_count=47 28 35 25 884 21 24 56 1680 289 45 16 478 46 83
internal_value=-0.00111576 0.00392402 0.0195464 0.00132971 0.0128272 0.020131 0.00694521 -0.0132227 -0.0320025 0.000275122 0.0316102 -0.0102265 -0.0250016 -0.00588973
internal_weight=366.408 258.713 36.8443 221.868 30.2528 24.1703 19.3195 107.695 14.8177 4.71039 2.94913 92.8773 21.0754 71.8019
internal_count=3757 1073 154 919 126 101 80 2684 397 108 61 2287 524 1763
is_linear=0
shrinkage=0.05


Tree=60
num_leaves=15
num_cat=0
split_feature=3 1 1 4 0 0 2 2 2 2 2 2 2 0
split_gain=4.25764 2.63387 4.21065 2.31404 2.38038 3.46961 3.57792 2.15275 1.96117 1.78106 8.03499 1.87316 1.60202 1.82112
threshold=1.2459226467201729 4187.4116535758994 4123.7273500641149 1.0000000180025095e-35 8821.4840467380473 11501.140571982167 -2.6229729944102744 -13.863949743141333 -13.570089101108437 -10.485871486088799 -10.085069089677479 -6.783689647624489 61.383834719568519 1177.8798915362238
decision_type=2 2 2 2 2 2 2 2 2 2 2 2 2 2
left_child=1 2 7 4 -3 6 -6 -1 -9 -2 -11 -12 -13 -14
right_child=9 3 -4 -5 5 -7 -8 8 -10 10 11 12 13 -15
leaf_value=-0.051731296294132617 -0.052691951835517239 -0.023074929776013053 0.096886924305851899 -0.051952388239063424 0.11947836092233473 -0.052083857950127099 -0.0071043810130598994 0.073672202517480467 -0.0055027592925513125 0.24833584189907124 -0.052170231815253688 0.0016641155967132275 0.0044219316129447093 0.036442850033305448
leaf_weight=2.5100652221590272 1.4582815337926138 17.181549303233631 1.0034872218966473 5.5809484664350739 1.1591392233967783 1.0384213123470543 1.0768528766930097 0.7915019616484632 66.06259959936142 0.33254973962902923 1.5627865362912405 247.43189351260662 11.448774248361589 7.2534635812044135
leaf_count=79 34 467 23 164 23 28 19 17 1655 8 40 1146 50 33
internal_value=-0.000810506 -0.00982826 -0.00480106 -0.0234148 -0.015629 0.0234414 0.0585162 -0.00627217 -0.00456539 0.00241544 0.00271526 0.00241014 0.00273065 0.0168409
internal_weight=365.892 96.4046 70.3677 26.0369 20.456 3.27441 2.23599 69.3642 66.8541 269.488 268.029 267.697 266.134 18.7022
internal_count=3786 2475 1774 701 537 70 42 1751 1672 1311 1277 1269 1229 83
is_linear=0
shrinkage=0.05


Tree=61
num_leaves=15
num_cat=0
split_feature=3 2 2 3 0 0 0 4 2 2 1 1 1 1
split_gain=5.20178 2.15096 2.66745 2.54351 2.35022 3.98893 3.52982 2.9286 2.26989 2.18507 2.17369 3.07095 2.44629 2.45136
threshold=1.6311393083898815 -11.763013232683235 -11.469281829823219 0.70416768272603603 8821.4840467380473 9653.2570561985358 6048.6027297534847 1.5000000000000002 54.331573809413797 -2.917454832771464 5852.2453706133338 6113.6181334722714 5233.3338823949243 4820.882026878824
decision_type=2 2 2 2 2 2 2 2 2 2 2 2 2 2
left_child=1 -1 -3 -4 6 -6 7 10 -9 -7 12 -12 13 -5
right_child=-2 2 3 4 5 9 -8 8 -10 -11 11 -13 -14 -15
leaf_value=-0.028086457730069299 0.0044187345949146294 0.066014217442723136 0.086737038480886805 -0.0060056104094616883 0.10236059169144084 0.033564418215793417 -0.045545388607232624 -0.069080193981267635 0.0058754177538810556 -0.052648627085015345 0.11549337520571452 -0.01540126750583927 -0.052182676686372859 0.037898850833503396
leaf_weight=12.521346420049666 255.91629792749882 1.2665817942470301 0.7179632131010284 72.542661348357797 1.2804254144430149 1.7325228340923784 6.2971271071583024 3.1811724063009015 1.4799141138792036 1.2764201983809473 0.89459059387445339 0.89779288321733475 2.7386440634727469 3.3250110764056435
leaf_count=352 1063 33 20 1736 21 36 193 69 6 30 24 18 76 86
internal_value=0.000508414 -0.00857643 -0.00607423 -0.00702173 -0.00772553 0.0284458 -0.00942384 -0.00674969 -0.0452815 -0.00300792 -0.00451583 0.0499291 -0.00575728 -0.00408143
internal_weight=366.068 110.152 97.6308 96.3642 95.6463 4.28937 91.3569 85.0598 4.66109 3.00894 80.3987 1.79238 78.6063 75.8677
internal_count=3763 2700 2348 2315 2295 87 2208 2015 75 66 1940 42 1898 1822
is_linear=0
shrinkage=0.05


Tree=62
num_leaves=15
num_cat=0
split_feature=2 1 0 2 1 0 0 2 2 3 3 2 0 3
split_gain=4.09342 1.53735 3.31999 13.1832 2.90654 1.89247 4.35239 1.84977 3.08169 1.89042 1.84592 3.42071 10.6606 2.85941
threshold=20.224648078992633 1583.1834954061414 1733.8900247666513 -0.75111815247775893 1759.4789299222275 1814.8293065714081 1828.9514842324936 9.8329026344639434 9.2818662918159287 0.70416768272603603 1.1058827465587684 -14.287837241564317 5052.3268022184357 1.1200620239147265
decision_type=2 2 2 2 2 2 2 2 2 2 2 2 2 2
left_child=1 -1 3 -3 -5 -4 -7 8 9 -8 11 12 -11 -12
right_child=-2 2 5 4 -6 6 7 -9 -10 10 13 -13 -14 -15
leaf_value=-0.023617417003872737 0.0035647873427883886 0.16825891605113838 -0.052597537094254701 -0.052727861188051561 0.029370716484491407 0.13609599038435857 0.065716212879369226 -0.060897239320386432 0.048842245155686193 -0.05181021698283899 0.063049366894525574 -0.017732731707940774 0.1837358888462314 -0.0031918024779250664
leaf_weight=13.803108008578418 264.94222402572632 1.3419065475463865 2.3302269466221324 2.1308429036289445 2.1820280589163303 0.52864832244813342 0.84967120178043742 1.6101003848016251 2.4167704805731764 1.1149250715970911 1.7324425708502555 48.015430428087718 0.84399272873997677 27.323345711454749
leaf_count=374 1100 18 57 49 28 11 24 20 36 35 42 1319 15 673
internal_value=0.000240002 -0.00805267 -0.00572805 0.031393 -0.0111914 -0.00814735 -0.00692062 -0.00782169 -0.00678329 -0.00846624 -0.00926379 -0.0150905 0.049674 0.000757807
internal_weight=371.166 106.223 92.4203 5.65478 4.31287 86.7656 84.4353 83.9067 82.2966 79.8798 79.0301 49.9743 1.95892 29.0558
internal_count=3801 2701 2327 95 77 2232 2175 2164 2144 2108 2084 1369 50 715
is_linear=0
shrinkage=0.05


Tree=63
num_leaves=15
num_cat=0
split_feature=3 3 3 0 0 2 2 2 1 0 0 3 2 1
split_gain=5.05807 2.77872 4.9515 2.94725 5.38206 2.37343 5.55917 2.33341 4.12715 6.46189 4.20087 3.21621 2.29519 1.98154
threshold=0.9126299501693208 0.968445251814953 1.0871667605412905 1893.4335220017338 1783.0211707525111 -6.5710277714373477 -7.6757208882269952 -10.931154944146632 2246.9009191767072 1628.7876380899652 3268.080441472503 0.94550114793239703 -13.292393113422007 10234.352701540265
decision_type=2 2 2 2 2 2 2 2 2 2 2 2 2 2
left_child=13 7 3 4 -3 6 12 -2 9 -9 -10 -12 -5 -1
right_child=1 2 -4 5 -6 -7 -8 8 10 -11 11 -13 -14 -15
leaf_value=-0.019979731264812093 -0.023902858780653728 -0.012895305866414903 0.0027803973356423329 0.027822012898324658 0.12756334460715812 -0.047269699887707468 0.10162817102173866 0.01554602602155105 -0.052258706671644943 0.16742951364171801 -0.00060238897400792047 0.093606472404687543 -0.051790591739792571 0.053778741249404127
leaf_weight=34.11214910261333 1.7715620752423991 3.7818454168736961 299.91836054623127 1.2493782918900249 0.83206436224281777 10.222885739058253 0.97685750760138113 1.4582811854779705 1.6659965403378008 1.3472762629389761 1.9303487036377194 1.7071224246174095 3.2872961759567261 0.93555678427219291
leaf_count=945 50 94 2046 34 19 272 28 31 42 22 50 37 100 22
internal_value=4.9426e-05 0.00196665 0.00116096 -0.022706 0.0124348 -0.0330092 -0.0065683 0.0280824 0.0394396 0.0884831 0.0134953 0.0436113 -0.0298657 -0.0180108
internal_weight=365.197 330.149 320.269 20.3503 4.61391 15.7364 5.51353 9.88059 8.10903 2.80556 5.30347 3.63747 4.53667 35.0477
internal_count=3792 2825 2593 547 113 434 162 232 182 53 129 87 134 967
is_linear=0
shrinkage=0.05


Tree=64
num_leaves=15
num_cat=0
split_feature=3 3 2 2 3 3 0 2 0 0 3 3 2 1
split_gain=6.24367 3.05427 1.99622 6.50768 2.04477 2.94293 2.09644 3.70786 2.71846 2.94094 2.92595 2.34087 4.45954 2.1502
threshold=1.2459226467201729 3.4147071583225777 -10.485871486088799 -10.085069089677479 2.0504110140958045 2.0282173469317804 2177.2495228203793 -4.8090087351259934 1229.8502204260446 1328.3826878397142 1.9025582588145462 1.6572269871513614 21.504235586122721 5936.5878009663465
decision_type=2 2 2 2 2 2 2 2 2 2 2 2 2 2
left_child=-1 2 -2 -4 5 6 8 -8 10 -10 -5 12 -11 -9
right_child=1 -3 3 4 -6 -7 7 13 9 11 -12 -13 -14 -15
leaf_value=-0.010702648780036862 -0.052558936316889938 0.033245936940134911 0.21076571569238844 0.025277370957578524 0.00076134021859604513 0.053220945169506241 -0.052130895494343278 0.037467394169336025 -0.059181533599682125 -0.021599425976288267 -0.018271168324932831 -0.012071911770161361 0.098500349096902487 0.0028356288350824231
leaf_weight=92.500477371737361 1.5852956492453802 8.8505780398845655 0.37896367534994979 15.531659157946708 189.96122701466084 3.8716436475515357 1.620626645162704 14.041948657482864 2.7654299400746849 1.6189066451042919 5.1314204484224311 14.734766677021979 1.4791593253612516 6.5832296535372725
leaf_count=2467 39 39 7 73 788 16 42 111 13 43 21 61 6 44
internal_value=0.000498554 0.00436243 0.00337658 0.00372065 0.00341575 0.0108993 0.00831925 0.0206915 0.00164884 -0.0112053 0.0144626 -0.00376533 0.0357417 0.0264135
internal_weight=360.655 268.155 259.304 257.719 257.34 67.3788 63.5071 22.2458 41.2613 20.5983 20.6631 17.8328 3.09807 20.6252
internal_count=3770 1303 1264 1225 1218 430 414 197 217 123 94 110 49 155
is_linear=0
shrinkage=0.05


Tree=65
num_leaves=15
num_cat=0
split_feature=2 2 3 2 3 3 3 2 2 0 4 1 0 3
split_gain=4.33638 2.09015 2.23987 2.02034 3.45219 3.54598 2.44905 2.36785 2.01558 3.37425 3.14844 1.92217 1.85732 2.00423
threshold=5.3041840436936001 3.5153301438309539 1.2821768089486569 58.773855589785953 3.1526232304346782 2.8879082354279535 2.2024034481176287 55.384843526329199 49.806050749000811 913.36081589424157 4.5000000000000009 11337.309772927103 1060.5075628074849 2.6201849907960115
decision_type=2 2 2 2 2 2 2 2 2 2 2 2 2 2
left_child=1 2 -1 7 5 6 -5 8 10 -10 11 -2 -8 -14
right_child=3 -3 -4 4 -6 -7 12 -9 9 -11 -12 -13 13 -15
leaf_value=-0.0065537113750540376 9.2186419101556995e-05 -0.037255245984416444 -0.053252806614725451 -0.0026552663395213918 0.052200768849612444 -0.029264388869325555 0.050474848042197255 -0.016954736116030617 -0.01816701821875203 0.024647130504373182 0.036392622557701558 -0.036955563414290585 0.037501222411447585 -0.0089557828327053758
leaf_weight=69.035467160865664 195.2585610114038 6.8209755811840287 2.6668981835246077 11.272282093763357 4.9598981440067282 5.4738295674324027 5.7595178931951514 17.379789918661118 5.9179999530315426 20.69419401884079 5.9323886334896079 3.5650456808507434 4.6553502678871137 4.6310838907957077
leaf_count=1923 1191 204 60 48 22 23 26 72 24 86 25 22 21 20
internal_value=-0.000400935 -0.0108067 -0.00829064 0.00246104 0.0134036 0.00735083 0.0149663 0.000844298 0.00218132 0.0151262 0.000498872 -0.000572106 0.0281682 0.0143334
internal_weight=364.023 78.5233 71.7024 285.5 36.752 31.7921 26.3182 248.748 231.368 26.6122 204.756 198.824 15.046 9.28643
internal_count=3767 2187 1983 1580 160 138 115 1420 1348 110 1238 1213 67 41
is_linear=0
shrinkage=0.05


Tree=66
num_leaves=15
num_cat=0
split_feature=3 4 0 0 0 0 0 0 2 0 0 3 3 0
split_gain=5.76498 3.51217 2.11037 1.72994 3.85571 3.6565 3.55474 2.95448 2.32912 2.04709 3.05554 1.97217 2.91355 2.72892
threshold=1.6311393083898815 1.5000000000000002 627.21898690295586 2726.9120496248547 2458.7242059226342 2261.1412645790024 1876.4252379545817 2336.249856938166 39.919838527084096 3177.7633381041956 3360.2909395761721 3.3225442391474984 3.2216756283527461 1200.8337771511972
decision_type=2 2 2 2 2 2 2 2 2 2 2 2 2 2
left_child=1 2 -1 4 5 6 11 -7 -6 -5 -11 12 -2 -13
right_child=3 -3 -4 9 8 7 -8 -9 -10 10 -12 13 -14 -15
leaf_value=0.087591935020072953 0.0033848477092291171 -0.053205915404478971 -0.0086899745932271198 -0.017911924294575724 0.050738428031170436 -0.048988021399840133 0.024745570118345127 -0.0013338696808920872 0.0059318449941143303 0.038315133197167554 -0.0025698459080938391 -0.044374776957651033 0.037740411927952321 0.0068534883730319799
leaf_weight=0.5723352562636127 126.85703556239605 4.5166670344769946 101.49583591707051 17.598533928394318 7.4638059735298139 5.4927371740341169 22.612054094672203 7.9747528880834579 4.74366395175457 5.1861629784107199 38.453034043312073 4.9604597389698011 6.486749753355979 5.4622011780738831
leaf_count=9 527 86 2631 72 32 23 98 33 20 21 158 21 27 23
internal_value=-0.000303766 -0.0100594 -0.00815009 0.00380139 0.00613471 0.00428896 0.00631733 -0.0207697 0.0333272 -0.00351635 0.002289 0.00341888 0.00505614 -0.0175276
internal_weight=359.876 106.585 102.068 253.291 192.053 179.846 166.379 13.4675 12.2075 61.2377 43.6392 143.766 133.344 10.4227
internal_count=3781 2726 2640 1055 804 752 696 56 52 251 179 598 554 44
is_linear=0
shrinkage=0.05


end of trees

feature_importances:
atm_spike_ratio=260
balance_drop_pct=257
avg_balance_30d=219
avg_balance_60d=149
new_credit_count=53

parameters:
[boosting: gbdt]
[objective: binary]
[metric: binary_logloss]
[tree_learner: serial]
[device_type: cpu]
[data_sample_strategy: bagging]
[data: ]
[valid: ]
[num_iterations: 400]
[learning_rate: 0.05]
[num_leaves: 15]
[num_threads: 1]
[seed: 42]
[deterministic: 1]
[force_col_wise: 0]
[force_row_wise: 1]
[histogram_pool_size: -1]
[max_depth: -1]
[min_data_in_leaf: 20]
[min_sum_hessian_in_leaf: 0.001]
[bagging_fraction: 0.9]
[pos_bagging_fraction: 1]
[neg_bagging_fraction: 1]
[bagging_freq: 1]
[bagging_seed: 400]
[bagging_by_query: 0]
[feature_fraction: 0.9]
[feature_fraction_bynode: 1]
[feature_fraction_seed: 30056]
[extra_trees: 0]
[extra_seed: 12879]
[early_stopping_round: 0]
[early_stopping_min_delta: 0]
[first_metric_only: 0]
[max_delta_step: 0]
[lambda_l1: 0]
[lambda_l2: 0]
[linear_lambda: 0]
[min_gain_to_split: 0]
[drop_rate: 0.1]
[max_drop: 50]
[skip_drop: 0.5]
[xgboost_dart_mode: 0]
[uniform_drop: 0]
[drop_seed: 17869]
[top_rate: 0.2]
[other_rate: 0.1]
[min_data_per_group: 100]
[max_cat_threshold: 32]
[cat_l2: 10]
[cat_smooth: 10]
[max_cat_to_onehot: 4]
[top_k: 20]
[monotone_constraints: ]
[monotone_constraints_method: basic]
[monotone_penalty: 0]
[feature_contri: ]
[forcedsplits_filename: ]
[refit_decay_rate: 0.9]
[cegb_tradeoff: 1]
[cegb_penalty_split: 0]
[cegb_penalty_feature_lazy: ]
[cegb_penalty_feature_coupled: ]
[path_smooth: 0]
[interaction_constraints: ]
[verbosity: -1]
[saved_feature_importance_type: 0]
[use_quantized_grad: 0]
[num_grad_quant_bins: 4]
[quant_train_renew_leaf: 0]
[stochastic_rounding: 1]
[linear_tree: 0]
[max_bin: 255]
[max_bin_by_feature: ]
[min_data_in_bin: 3]
[bin_construct_sample_cnt: 200000]
[data_random_seed: 175]
[is_enable_sparse: 1]
[enable_bundle: 1]
[use_missing: 1]
[zero_as_missing: 0]
[feature_pre_filter: 1]
[pre_partition: 0]
[two_round: 0]
[header: 0]
[label_column: ]
[weight_column: ]
[group_column: ]
[ignore_column: ]
[categorical_feature: ]
[forcedbins_filename: ]
[precise_float_parser: 0]
[parser_config_file: ]
[objective_seed: 16083]
[num_class: 1]
[is_unbalance: 0]
[scale_pos_weight: 1]
[sigmoid: 1]
[boost_from_average: 1]
[reg_sqrt: 0]
[alpha: 0.9]
[fair_c: 1]
[poisson_max_delta_step: 0.7]
[tweedie_variance_power: 1.5]
[lambdarank_truncation_level: 30]
[lambdarank_norm: 1]
[label_gain: ]
[lambdarank_position_bias_regularization: 0]
[eval_at: ]
[multi_error_top_k: 1]
[auc_mu_weights: ]
[num_machines: 1]
[local_listen_port: 12400]
[time_out: 120]
[machine_list_filename: ]
[machines: ]
[gpu_platform_id: -1]
[gpu_device_id: -1]
[gpu_device_id_list: ]
[gpu_use_dp: 0]
[num_gpu: 1]

end of parameters

pandas_categorical:null
